id,name,url,description,start_time,end_time,location,address,organizer,is_free,price,currency,thumbnail
A7D2K9L3QP,Saturday Afternoon GBK Park Walk and Talk + Lucy in the Sky Dinner and Drinks,https://www.meetup.com/jakarta-social/events/311147254/,"Senayan GBK Park is located in the heart of the city and is a nice place to visit and explore. Starting from Entrance 7 (Pintu 7), we will walk around and through the park and then over to Senayan Park Complex.Let's escape the hustle and bustle of Jakarta with a late afternoon stroll through Senayan GBK Park and make some new friends along the way!

Senayan GBK Park is located in the heart of the city and is a nice place to visit and explore. Starting from Entrance 7 (Pintu 7), we will walk around and through the park and then over to Senayan Park Complex.

Afterwards, we'll go to Lucy in the Sky at Spark, located on the rooftop of Senyan Park Mall for some refreshing drinks and food. This last part is optional for people who want to go.

The walk will be a casual stroll around several connecting parks. The walk will take approximately 1:30 hours.

We will meet just outside Entrance 7 near the main road.

Please be on time, as once we start the walk it will be very difficult to locate us. However, we will post the live location on the WhatsApp Group chat.

This is a fun and social event, and everyone is encouraged to get to know each other and make new friends.

üì¢ IMPORTANT: Attendance Reconfirmation Required

To ensure accurate headcounts and reduce no-shows, we're implementing an updated reconfirmation system for all events.

Here's how it works:

All events start with unlimited RSVPs.
4 days before each event, a reconfirmation form will be posted in the event comments and shared in the WhatsApp group.
You must reconfirm ASAP by submitting the form. Your spot is guaranteed only after you reconfirm.
The form closes once we reach the target attendance number.
Anyone who hasn‚Äôt reconfirmed when the form closes will be removed from the attendee list.
If you can‚Äôt attend, change your status to Not Going.
Three‚Äëstrike rule: If you don‚Äôt reconfirm and don‚Äôt change to Not Going three times, you will be removed from the group.

Thanks for helping us keep things running smoothly. Looking forward to seeing you all there.

If you have any questions, please feel free to let me know here or join our friendly and active WhatsApp Group Chat:
https://chat.whatsapp.com/FBQsf4Cv4yWACNs9gbiYNH

Instagram: https://www.instagram.com/jakartasocialgroup",2025-10-18T16:00:00+07:00,null,"Entrance 7, GBK Park","Pintu 7, Gelora, Kecamatan Tanah Abang, Kota Jakarta Pusat, Daerah Khusus Ibukota ¬∑ Jakarta",Paul J.,true,null,null,https://secure.meetupstatic.com/photos/event/6/f/0/3/highres_530308419.webp?w=1080
F4R8C2Z0WM,ApotheCARE RUN 2025,https://www.goersapp.com/events/apothecare-run-2025--iaibali,untuk apoteker dan umum,2025-12-14T05:00:00+07:00,2025-12-14T11:00:00+07:00,Pantai Mertasari,"Jl. Pengembak No.1, Sanur Kauh, Kecamatan Denpasar Selatan, Denpasar Kota, Bali, Indonesia",PD IAI BALI,true,null,null,"https://d3hzxw6fwm263k.cloudfront.net/uploads/events/photos/1756041726-BiM5HVBpRm6G4WhU6dz6V0QJ7qKsyJUG.png?width=1024&quality=90&x-oss-process=image/resize,w_1024,m_lfit/quality,q_90"
T9N3V6H5BQ,WMNLyfe: Spin with Babes Vol. 16,https://www.goersapp.com/events/wmnlyfe-spin-with-babes-vol-16--spinvol16,"WMNLyfe's Spin with Babes is the place to learn and improve your tennis skill. With a professional coach, were here to spin and have fun, and of course, everyone is welcome! All you need to do is just to come by, learn and enjoy. Lets ace together!",2025-10-18T08:00:00+07:00,2025-10-18T10:00:00+07:00,Somerset Grand Citra Jakarta,"Somerset Grand Citra Jakarta
Ciputra World Jakarta 1, Jl. Prof. DR. Satrio No.Kav 1, Kuningan, East Kuningan, Setiabudi, Jakarta City South, Jakarta, Indonesia",Event by Narasi,false,185000,IDR,"https://d3hzxw6fwm263k.cloudfront.net/uploads/events/photos/1759481145-cfgb9uFOTbg1DfOushM6nLjNBl3sLZjv.png?width=1024&quality=90&x-oss-process=image/resize,w_1024,m_lfit/quality,q_90"
L1J8S4E7XZ,SIP CLUB: Suits to Sweats,https://www.goersapp.com/events/sip-club-suits-to-sweats--sipclubsmash8okt,"Detail:
- 2 jam, 2 lapangan
- 12 pemain
- Semua gender
- Semua umur
- Level: Upper beginner - intermediate
- Voucher for top 3
- Format: Mexicano
- Skor: Tennis Game of 4
- Pace: Intense
- Partner: Tidak tetap (rotasi)
- Bola akan disediakan
- Umpire/ballboy akan disediakan
- Snack & air putih akan disediakan
- Mohon bawa raket sendiri atau bisa pinjam di lapangan
- Mohon unggah bukti pembayaran ke Reclub SIP Club: https://reclub.co/clubs/@sipclub",2025-10-08T18:00:00+07:00,2025-10-08T20:00:00+07:00,Smash Padel Simatupang,"Jl. TB Simatupang No.34, Pasar Minggu, Jakarta Selatan Kota, Jakarta, Indonesia",SIP CLUB,false,240000,IDR,"https://d3hzxw6fwm263k.cloudfront.net/uploads/events/photos/1759475956-bevt2Rj0axxNs9aUUfbQtbpPspiGjoYp.jpg?width=1024&quality=90&x-oss-process=image/resize,w_1024,m_lfit/quality,q_90"
Q2M0R5Y9HP,SIP Club: Doubles After Dark,https://www.goersapp.com/events/sip-club-doubles-after-dark--sipclubrep8okt,"Detail:
- 3 jam, 2 lapangan
- 18 pemain
- Semua gender
- Semua umur
- Level: Upper beginner - intermediate
- Voucher for top 3
- Format: Americano
- Skor: Tennis Game of 4
- Pace: Intense
- Partner: Tetap (tidak rotasi)
- Bola akan disediakan
- Umpire/ballboy akan disediakan
- Mohon bawa raket sendiri atau bisa pinjam di lapangan
- Mohon unggah bukti pembayaran ke Reclub SIP Club: https://reclub.co/clubs/@sipclub",2025-10-08T20:00:00+07:00,2025-10-08T23:00:00+07:00,Republic Padel TB Simatupang,"Jl. TB Simatupang, RT.11/RW.4, Tj. Bar., Kecamatan Jagakarsa, Jakarta Selatan Kota, Jakarta, Indonesia",SIP CLUB,false,235000,IDR,"https://d3hzxw6fwm263k.cloudfront.net/uploads/events/photos/1759474427-HeiEGLdlvG7kVBx3OXoFSPiOunCqTWTQ.jpg?width=1024&quality=90&x-oss-process=image/resize,w_1024,m_lfit/quality,q_90"
B6P7K1A3WF,BORSUMY HERITAGE FUN RUN 2025,https://www.goersapp.com/events/borsumy-heritage-fun-run-2025--borsumyfunrun2025,"Borsumy Fun Run 2025 Run Through the Heritage

Borsumy Heritage Semarang akan menyelenggarakan Borsumy Fun Run 2025 pada Minggu, 26 Oktober 2025 dengan titik start dan finish di Borsumy Heritage.

Acara ini terbuka untuk umum dan komunitas, menghadirkan pengalaman lari yang unik dengan sentuhan budaya heritage, hiburan musik, serta berbagai aktivitas seru sepanjang rute.

Fasilitas yang didapatkan peserta:
- Jersey eksklusif
- BIB number
- Finisher medal
- Racepack bag
- Doorprize menarik
- Refreshment
- Dokumentasi foto
- Akses ke hiburan musik (live band, DJ, cheering spot)
- Medical team & water station di sepanjang rute

Biaya Pendaftaran:
Presale: Rp150.000
Reguler: Rp200.000

Hiburan sepanjang rute: cheering spot, live music by S-Lost Band, dan DJ Bram Starmix.

Informasi lebih lanjut dapat diakses melalui akun resmi Borsumy Heritage: @borsumyevents dan @borsumyheritage_indonesia.

segera daftarkan diri Anda dan nikmati pengalaman lari yang penuh semangat di BorsumyFunRun2025!",2025-10-26T06:00:00+07:00,2025-10-26T10:00:00+07:00,Borsumy Heritage,"Jl. Letjen Suprapto No.30-31, Old Town, Tj. Mas, Kecamatan Semarang Utara, Semarang Kota, Jawa Tengah, Indonesia",BORSUMY HERITAGE INDONESIA,false,200000,IDR,"https://d3hzxw6fwm263k.cloudfront.net/uploads/events/photos/1757932076-Xpu8vOQ7vmkyenydlw4BksOhkhUnqaAo.png?width=1024&quality=90&x-oss-process=image/resize,w_1024,m_lfit/quality,q_90"
X4Z9C8V2DL,AMATERASUN SPORT ACADEMY - GUARDIAN RUKO BUARAN,https://www.goersapp.com/events/amaterasun-sport-academy-guardian-ruko-buaran--amaterasunsportacademyrukobuaran,"AMATERASUN SPORT ACADEMY

Amaterasun Sport Academy hadir untuk ajak kamu olahraga seru namun tetap aman di bawah matahari.

Dengan perlindungan #RealSPF dan Intelligent DNA Guardian dari Amaterasun Sunscreen, kamu bisa bebas bergerak kapan aja, di mana aja tanpa takut kulit belang.

Bagi Amaterasun, gaya hidup sehat dimulai dari satu langkah kecil, dan setiap tetes perlindungan yang nyata.

Sport Academy bukan cuma olahraga, tapi juga cara seru buat hidup sehat, aktif, dan selalu terlindungi!",2025-10-26T08:00:00+07:00,2025-10-26T09:00:00+07:00,Apotek Guardian Ruko Buaran,"Jl. Buaran Raya No.39, RT.6/RW.15, Duren Sawit, Kecamatan Duren Sawit, Jakarta Timur Kota, Daerah Khusus Ibukota Jakarta, Indonesia",Somethinc Official,false,45000,IDR,"https://d3hzxw6fwm263k.cloudfront.net/uploads/events/photos/1757492316-3THeIWHbjkywJTNdZjDNBbywFFAgDMEV.jpg?width=1024&quality=90&x-oss-process=image/resize,w_1024,m_lfit/quality,q_90"
N0T3F7R5KJ,AMATERASUN SPORT ACADEMY - GUARDIAN MERUYA ILIR,https://www.goersapp.com/events/amaterasun-sport-academy-guardian-meruya-ilir--amaterasunsportacademymeruyailir,"AMATERASUN SPORT ACADEMY

Amaterasun Sport Academy hadir untuk ajak kamu olahraga seru namun tetap aman di bawah matahari.

Dengan perlindungan #RealSPF dan Intelligent DNA Guardian dari Amaterasun Sunscreen, kamu bisa bebas bergerak kapan aja, di mana aja tanpa takut kulit belang.

Bagi Amaterasun, gaya hidup sehat dimulai dari satu langkah kecil, dan setiap tetes perlindungan yang nyata.

Sport Academy bukan cuma olahraga, tapi juga cara seru buat hidup sehat, aktif, dan selalu terlindungi!",2025-10-12T08:00:00+07:00,2025-10-12T09:00:00+07:00,GUARDIAN - Ruko Meruya Ilir,"Jl. Meruya Ilir Raya No.2, Srengseng, Kecamatan Kembangan, Jakarta Barat Kota, Daerah Khusus Ibukota Jakarta, Indonesia",Somethinc Official,false,45000,IDR,"https://d3hzxw6fwm263k.cloudfront.net/uploads/events/photos/1757490650-mvpwROn71TrnIdrqaMlRdviaQp9PHdSH.jpg?width=1024&quality=90&x-oss-process=image/resize,w_1024,m_lfit/quality,q_90"
H8Y1Q4G9EM,AMATERASUN SPORT ACADEMY - WATSONS TANJUNG DUREN STREET,https://www.goersapp.com/events/amaterasun-sport-academy-watsons-tanjung-duren-street--amaterasunsportacademytd,"AMATERASUN SPORT ACADEMY

Amaterasun Sport Academy hadir untuk ajak kamu olahraga seru namun tetap aman di bawah matahari.

Dengan perlindungan #RealSPF dan Intelligent DNA Guardian dari Amaterasun Sunscreen, kamu bisa bebas bergerak kapan aja, di mana aja tanpa takut kulit belang.

Bagi Amaterasun, gaya hidup sehat dimulai dari satu langkah kecil, dan setiap tetes perlindungan yang nyata.

Sport Academy bukan cuma olahraga, tapi juga cara seru buat hidup sehat, aktif, dan selalu terlindungi!",2025-10-25T08:00:00+07:00,2025-10-25T09:00:00+07:00,Watsons Tanjung Duren,"Jl. Tanjung Duren Raya No.39, RT.1/RW.5, Tj. Duren Sel., Kecamatan Grogol petamburan, Jakarta Barat Kota, Daerah Khusus Ibukota Jakarta, Indonesia",Somethinc Official,false,45000,IDR,"https://d3hzxw6fwm263k.cloudfront.net/uploads/events/photos/1757489744-m8aboIOlen0hD7UzyGLdzLw94R8Q8rRO.jpg?width=1024&quality=90&x-oss-process=image/resize,w_1024,m_lfit/quality,q_90"
P5L2J6S8VC,AMATERASUN SPORT ACADEMY - WATSONS PESANGGRAHAN RAYA STREET,https://www.goersapp.com/events/amaterasun-sport-academy-watsons-pesanggrahan-raya-street--amaterasunsportpesanggrahan,"AMATERASUN SPORT ACADEMY

Amaterasun Sport Academy hadir untuk ajak kamu olahraga seru namun tetap aman di bawah matahari.

Dengan perlindungan #RealSPF dan Intelligent DNA Guardian dari Amaterasun Sunscreen, kamu bisa bebas bergerak kapan aja, di mana aja tanpa takut kulit belang.

Bagi Amaterasun, gaya hidup sehat dimulai dari satu langkah kecil, dan setiap tetes perlindungan yang nyata.

Sport Academy bukan cuma olahraga, tapi juga cara seru buat hidup sehat, aktif, dan selalu terlindungi!",2025-10-25T08:00:00+07:00,2025-10-25T09:00:00+07:00,Watsons,"Jl. Pesanggrahan No.6, RT.10/RW.5, Meruya Utara, Kecamatan Kembangan, Jakarta Barat Kota, Daerah Khusus Ibukota Jakarta, Indonesia",Somethinc Official,false,45000,IDR,"https://d3hzxw6fwm263k.cloudfront.net/uploads/events/photos/1757488819-nUgiwBRNjpt9xOFE2QaoKA2VzNYmtbdT.jpg?width=1024&quality=90&x-oss-process=image/resize,w_1024,m_lfit/quality,q_90"
U9R0M3K7XW,AMATERASUN SPORT ACADEMY - MELATI MAS STREET,https://www.goersapp.com/events/amaterasun-sport-academy-melati-mas-street--amaterasunsportmelatimas,"AMATERASUN SPORT ACADEMY

Amaterasun Sport Academy hadir untuk ajak kamu olahraga seru namun tetap aman di bawah matahari.

Dengan perlindungan #RealSPF dan Intelligent DNA Guardian dari Amaterasun Sunscreen, kamu bisa bebas bergerak kapan aja, di mana aja tanpa takut kulit belang.

Bagi Amaterasun, gaya hidup sehat dimulai dari satu langkah kecil, dan setiap tetes perlindungan yang nyata.

Sport Academy bukan cuma olahraga, tapi juga cara seru buat hidup sehat, aktif, dan selalu terlindungi!",2025-10-11T08:00:00+07:00,2025-10-11T09:00:00+07:00,Watsons Apotek,"PMJ6+M9W, Jl. Villa Melati Mas Raya, Jelupang, Kecamatan Serpong Utara, Tangerang Selatan Kota, Banten, Indonesia",Somethinc Official,false,45000,IDR,"https://d3hzxw6fwm263k.cloudfront.net/uploads/events/photos/1757487926-8UgWoDlWEnsi5Uwry4CW9iJcsYThw871.jpg?width=1024&quality=90&x-oss-process=image/resize,w_1024,m_lfit/quality,q_90"
C6E5T8A2HN,Biznet Fun Run Pontianak,https://www.loket.com/event/biznet-fun-run-pontianak-fd1o,"RUN TO INSPIRE

Lebih dari sekadar ajang lari, Biznet Running ingin mendukung setiap langkah menuju hidup yang lebih sehat dan bermakna. Acara ini mengusung konsep Fun Run dengan semangat kebersamaan, gaya hidup sehat, dan tentunya memberikan pengalaman seru yang didukung oleh koneksi Internet cepat dan stabil dari Biznet.

 

BIZNET FUN RUN

Kategori lari dengan jarak 5 kilometer yang bisa dilakukan oleh pemula dan profesional. Rentang usia mulai dari 17-69 tahun.",2025-10-26T06:00:00+07:00,2025-10-26T10:00:00+07:00,"Museum Kalimantan Barat, Kota Pontianak",null,Biznet,false,200000,IDR,https://assets.loket.com/neo/production/images/banner/20251007110719_68e491f7746a0.jpg
V1F3Z9Y7BL,Vegan Runners Challenge - Batch 4,https://www.loket.com/event/vegan-runners-challenge-batch-4_fbD9b,"Selamat datang di Vegan Runners Challenge Batch 4, sebuah program yang dirancang untuk meningkatkan performa lari dengan mengadopsi gaya hidup sehat, pola makan nabati berkelanjutan. Dengan kombinasi pelatihan profesional, seminar edukatif, dan dukungan komunitas, kamu akan mendapatkan pengalaman lengkap yang tidak hanya seru tetapi juga penuh manfaat.

 

Selama kurang lebih 3-4 minggu berturut-turut, kamu akan mengikuti tantangan mengadopsi pola makan nabati, mengikuti program lari, dan aktif melaporkan progressmu di Whatsapp Group dan Media Sosial dengan tujuan mentransformasi diri jadi lebih sehat dan meningkatkan performa lari.

 

Apa yang Kamu Dapatkan:

Challengers Pack (Total Nilai: Rp 300.000)
Premium Running Jersey dari Endorphene
Mini Medical Check-Up (sebelum & sesudah challenge) untuk yang bisa hadir secara offline
Panduan Gizi Nabati Seimbang & Seminar bersama Ahli Gizi
Panduan Latihan Lari & Strength Training oleh Pelatih Lari Bersertifikat
Sesi Latihan Bersama dengan Pelatih Lari & Pelatih Performa
Online Coaching untuk Lari dan Nutrisi
Kesempatan Menangkan Hadiah Senilai Total Rp 40 Juta!
E-Certificate Keikutsertaan
 

Catatan Penting untuk Diketahui:

Challengers Pack untuk peserta di domisili Jabodetabek wajib mengambilnya pada saat event atau kegiatan pertama atau kedua di lokasi yang nanti ditentukan oleh panitia
Untuk peserta di luar Jabodetabek, Challengers Pack akan dikirimkan dan akan ada biaya pengiriman secara COD atau koordinasi lanjutan oleh admin",2025-11-02T05:00:00+07:00,2025-11-02T12:00:00+07:00,"Burgreens Flagship Menteng, Jakarta Pusat",null,Vegan Runners Indonesia,false,200000,IDR,https://assets.loket.com/neo/production/images/banner/20250622000226_6856e5a25d940.jpg
J2D8R4L6QP,10K 5K EKAS SUNSET TRAIL RUN,https://www.loket.com/event/10k-ekas-sunset-trail-run-kjg,"Are You Ready Guys ?



Yuks, Ikutan EKAS SUNSET TRAIL RUN

Ekas Sunset Trail Run merupakan Event Lari Pantai yang akan diadakan di Pantai Ekas Lombok Timur Pada sabtu, 8 November 2025 pukul 15.00 WITA Till Sundown, ada berbagi rangkaian acara yang menarik untuk diikuti oleh para runners diantaranya:

Ekas Sunset Trail Run 10 K 5 K (FEMALE & MALE)
Pagelaran Budaya
Ekas Camp
Bazar Kuliner
Clean up Pantai
Party Becah ( Konser Band)
FotoGrafi Contes


Ekas Sunset Trail Run kali ini mengusung konsep berlari sambil melewati berbagai panorama indah Pantai Ekas para pelari akan disuguhkan berbagai pemandangan yang indah dan trek lari yang menantang mulai dari pesisir pantai, perbukitan Culture Lokal dan tentunya menikmati sunset di Pantai Ekas. Ekas Sunset Trail Run 10 K dan 5 K kolaborasi dengan Pemuda Desa Ekas (Ekas Surf Club) dan Smart Mendunia Enterprise Event Organizer (EO) dengan didukung oleh Pemerintah Kabupaten Lombok Timur serta turut merayakan Hari Ulang Tahun Korpri ( Korps Pegawai Republik Indonesia yang ke-54 pada tanggal 29 November 2025) dengan sasaran Mencetak Rekor Muri Jumlah Peserta Terbanyak.



#ekasbeach #lombok #pantaiekas #trailrunning #beatifullombok",2025-11-08T15:30:00+07:00,2025-11-08T19:00:00+07:00,"Pantai Ekas, Kecamatan Jerowaru, Kab. Lotim, Kab. Lombok Timur",null,Smart Mendunia Enterprise,false,150000,IDR,https://assets.loket.com/neo/production/images/banner/20250925104806_68d4bb7639c60.jpg
M4X7N9S2KC,FUN RUN LARI SAMA MANTAN,https://www.loket.com/event/fun-run-lari-sama-mantan_kxb1,"Siapa bilang mantan harus dilupakan?

Kadang, yang perlu cuma... diajak lari bareng üòÖ

üéΩ LARI SAMA MANTAN

üìÖ 12.10.2025 | üìçHotel Dafam Semarang

üíµ IDR 188K/single atau IDR 350/couple

",2025-10-12T05:00:00+07:00,2025-10-12T09:00:00+07:00,"Hotel Dafam Semarang, Kota Semarang",null,Hotel Dafam Semarang,false,188000,IDR,https://assets.loket.com/neo/production/images/banner/20250908112241_68be5a1104ca7.jpg
S8G0E1T5ZW,FUN RUN IKA UNHAS JENEPONTO 2025,https://www.loket.com/event/fun-run-ika-unhas-jeneponto-2025,"Melihat perkembangan olahraga dan kesadaran hidup sehat di Jeneponto, IKA Unhas berinisiatif mengadakan ""IKA UNHAS JENEPONTO FUNRUN 2025"". Acara ini bertujuan menyatukan masyarakat, meningkatkan kesadaran kesehatan, dan memperkenalkan potensi daerah.",2025-10-26T06:30:00+07:00,2025-10-26T10:00:00+07:00,"Lapangan Parangpassamaturukang, Jeneponto, Kab. Jeneponto",null,Fun Run IKA UNHAS Jeneponto,false,125000,IDR,https://assets.loket.com/neo/production/images/banner/20250809151908_6897047c34ac2.jpg
W5Q2P9R8LM,PGV STEP FOR FUN,https://www.loket.com/event/pgvstepforfun,"Acara akan diadakan di kawasan Podomoro Golf View, Cimanggis Depok pada tanggal 12 Oktober 2025 pukul 06.00 WIB.
Pendaftaran dibuka s/d Quota terpenuhi atau tanggal 05 Oktober 2025.
Pastikan mengisi alamat email atau nomor handphone sesuai dan tidak ada typo (salah penulisan).
E-Tiket akan dikirimkan melalui email.
Pelaksanaan kegiatan dimulai pukul 06.00 - 12.00 WIB.
Konten Kegiatan meliputi Fun Walk, Bazar, Undian Hadiah, Edukasi, dan Hiburan.",2025-10-12T06:00:00+07:00,2025-10-12T12:00:00+07:00,"Podomoro Golf View, Kab. Bogor",null,Podomoro Golf View,false,50000,IDR,https://assets.loket.com/neo/production/images/banner/20250924103644_68d3674c26933.jpg
K9A4V6C1XT,KADIN MAJALENGKA RUNFEST,https://www.loket.com/event/kadin-majalengka-runfest_fDUV,"NAMA ACARA : KADIN MAJALENGKA RUN FESTIVAL 2025

TEMA ACARA : STEP IN TO NATURE, SUPPORT LOCAL CULTURE



Tanggal : MINGGU, 12 OKTOBER 2025

Lokasi Start/Finish : Alun-alun Majalengka



Majalengka tidak hanya dikenal karena bentang alamnya yang memukau, tetapi juga rumah bagi kekayaan budaya, kuliner lokal yang lezat, dan produk-produk lokal yang unik yang patut mendapat perhatian lebih besar. Seiring kita terus pulih dan berkembang di era pascapandemi, penting untuk menciptakan ruang-ruang baru yang mempertemukan komunitas, wirausahawan, dan wisatawan dengan cara yang menyenangkan, bermakna, dan menginspirasi.



Dengan semangat kolaborasi dan kebangkitan daerah tersebut, Kamar Dagang dan Industri (KADIN) Majalengka meluncurkan Kadin Majalengka Run Festival 2025, sebuah acara yang tidak hanya mempromosikan gaya hidup sehat, tetapi juga menampilkan semua yang ditawarkan Majalengka.



Acara ini diharapkan dapat memberikan dampak positif bagi perekonomian, mulai dari perhotelan, pedagang makanan, dan transportasi lokal, hingga industri kreatif dan pariwisata. Lebih dari sekadar lomba lari, Kadin Majalengka Run Festival 2025 mencerminkan komitmen KADIN untuk membangun masyarakat yang lebih sehat dan mendukung wirausahawan lokal untuk berkembang dan bersaing.



Dengan menarik pelari dan pengunjung dari dalam dan luar Majalengka, acara ini bertujuan untuk menjadi magnet baru bagi wisata olahraga, sebuah tren yang berkembang di banyak daerah di Indonesia.



Melalui tema ini, peserta diajak untuk menyatu dengan alam Majalengka melalui jalur lari yang indah, sambil turut mendukung budaya, UMKM, dan produk lokal yang hadir di setiap titik kegiatan.



LOMBA LARI
PRA-EVENT
MINI EVENT
FESTIVAL PRODUK LOKAL
ZONA EDUKASI & WELLNESS (OPSIONAL)




3.EVENT OVERVIEW



KADIN Majalengka Run Festival 2025 lebih dari sekadar lomba lari, melainkan perayaan meriah yang memadukan olahraga, budaya, musik, dan kebanggaan lokal menjadi satu pengalaman tak terlupakan. Bertempat di jantung Majalengka yang indah, acara ini mengundang para pelari, komunitas, dan pengunjung untuk berkumpul dan merayakan gerakan, kreativitas, dan kolaborasi.



Lomba lari ini akan menampilkan dua kategori utama: 5K dan 10K, yang dirancang untuk mengakomodasi pelari kasual maupun atlet berpengalaman. Peserta akan berlari melalui rute perkotaan dan alam yang dipilih dengan cermat, menampilkan lanskap terbaik Majalengka, sambil disemangati oleh penonton yang antusias dan kelompok pendukung lokal di sepanjang jalan.



Yang membuat acara ini istimewa adalah apa yang terjadi setelah garis finis. Setelah pelari menyelesaikan perjalanan mereka, mereka akan disambut di zona festival yang penuh semangat, penuh dengan pertunjukan langsung dan pertunjukan budaya. Dari alunan DJ live dan energi band-band lokal, hingga alunan musik tradisional Majalengka yang kaya dan membangkitkan semangat, panggung akan menjadi hidup dalam perayaan budaya modern dan lokal.



Menambah keseruan, kami juga menyelenggarakan kompetisi sorak, di mana tim sekolah, komunitas, dan organisasi lokal akan berkompetisi dalam kreativitas, semangat, dan penampilan. Nantikan kostum, nyanyian, koreografi, dan segudang kebanggaan lokal.



Festival ini juga akan menampilkan ruang kreatif untuk pengalaman kuliner dan pameran produk lokal, di mana usaha kecil (UMKM) dapat mempromosikan merek mereka, menjual barang-barang buatan tangan, dan menawarkan cita rasa lokal yang autentik kepada semua pengunjung. Ini bukan sekadar acara lari, melainkan platform untuk pemberdayaan masyarakat dan kebangkitan ekonomi.



Dengan suasana yang inklusif dan ramah keluarga, KADIN Majalengka Run Festival 2025 akan menjadi tolok ukur baru untuk wisata olahraga di wilayah ini, memadukan gerakan, musik, budaya, dan perdagangan dalam satu hari yang akan memberi energi bagi Majalengka yang belum pernah ada sebelumnya.





4.DATE & VENUE



KADIN Majalengka Run Festival 2025 resmi dijadwalkan pada hari Minggu, 12 Oktober 2025, dan akan diselenggarakan di Alun-Alun Majalengka yang ikonis, pusat budaya dan kehidupan kota. Lokasi terbuka ini, yang dikelilingi oleh jalan-jalan utama dan landmark bersejarah, akan berfungsi sebagai lokasi utama Garis Start & Finish dan sebagai ruang sentral untuk perayaan festival pasca-lomba.



Dipilih karena nilai simbolis dan aksesibilitasnya yang strategis, Alun-Alun Majalengka menawarkan suasana yang sempurna untuk acara publik berskala besar yang mempertemukan warga, atlet, wisatawan, dan pelaku bisnis lokal. Tata ruang yang luas dan kedekatannya dengan hotel, kantor pemerintahan, dan pusat komunitas menjadikannya lokasi yang strategis dan bermakna untuk menyelenggarakan tradisi tahunan yang terus berkembang ini.



Acara ini diperkirakan akan menarik lebih dari 2.500 peserta dari Majalengka dan berbagai daerah di Jawa Barat dan Indonesia. Acara dimulai pagi-pagi sekali, dengan check-in di gerbang dan kegiatan pemanasan dimulai pukul 05.00. Waktu resmi untuk lomba lari 10K adalah pukul 06.00, dilanjutkan dengan lomba lari 5K pukul 06.15.



Seluruh jalan di sepanjang rute lomba akan ditutup sementara dan dijaga ketat oleh petugas lomba, tim medis, pos hidrasi, dan rambu-rambu untuk memastikan keselamatan peserta dan kelancaran arus sepanjang pagi.



Selain lomba itu sendiri, area festival di Alun-Alun akan disulap menjadi destinasi pasca-lari yang meriah. Di sini, peserta dan penonton dapat menikmati musik live dari band-band lokal, penampilan energik dari DJ unggulan, dan penampilan musik tradisional Majalengka yang indah dan menonjolkan warisan lokal. Salah satu elemen yang paling dinantikan dari acara ini adalah kompetisi cheerleader, di mana tim sekolah dan kelompok masyarakat akan berlomba menunjukkan semangat, kreativitas, dan dukungan terbaik di sepanjang rute lomba dan di panggung utama. Tempat ini juga akan menghadirkan:



Stan kuliner dengan makanan dan minuman lokal
Stan UMKM yang menampilkan produk-produk khas Majalengka
Aktivasi sponsor dan pengalaman bermerek
Zona santai dan area duduk ramah keluarga
Stan foto, pojok media, dan dinding media sosial


Dengan perkiraan jumlah pengunjung ribuan orang ‚Äî baik peserta maupun pengunjung festival ‚Äî Minggu, 12 Oktober 2025 akan menjadi hari yang monumental bagi Majalengka: sebuah perayaan pergerakan, kebanggaan masyarakat, dan kebangkitan ekonomi dalam satu pengalaman yang tak terlupakan.",2025-10-12T05:00:00+07:00,2025-10-12T10:00:00+07:00,"Alun - alun Majalengka, Kab. Majalengka",null,KADIN Majalengka,false,160000,IDR,https://assets.loket.com/neo/production/images/banner/20250728182304_68875d981d373.jpg
E3N7M0Y5DJ,LAMPUNG PINKTOBER RUN,https://www.loket.com/event/lampung-pinktober-run_kk41,"THIS OCTOBER, THE HURUN AND ROAD TO GIVE ARE JOINING FORCES IN A POWERFUL COLLABORATION TO LAUNCH THE FIRST-EVER LAMPUNG PINKTOBER RUN 2025



A VIBRANT, PURPOSE-DRIVEN CAMPAIGN UNITING WELLNESS, AWARENESS, AND COLLECTIVE ACTION IN SUPPORT OF BREAST CANCER AWARENESS.

PROFITS OF THE EVENT WILL SUPPORT 10,000 FREE BREAST CANCER SCREENINGS FOR MARGINALIZED WOMEN THROUGH LOVEPINK INDONESIA.



LOCATION AT KYOKKO BEACH - ENTRY FROM MARRIOTT LAMPUNG GATE

DATE SATURDAY, 25 OCTOBER 2025

RUNNER LINE UP 5AM

FLAG OFF 6AM (WE ARE VERY ON TIME)

PLEASE ARRIVE EARLIER DUE TO PARKING SPACE.



DISTANCE 6K ( WE ADD A LITTLE EXTRA SO YOU COULD ENJOY THE BEAUTY OF PESAWARAN SHORE)



WALK WITH US AND MAKE YOUR MARK AT LAMPUNG PINKTOBER RUN 2025 !





---





Oktober ini, Hurun dan Road to Give bekerja sama untuk meluncurkan Lampung Pinktober Run pertama di 2025.

Acara seru ini bertujuan untuk meningkatkan kesadaran tentang kanker payudara sambil mendukung kesehatan dan aksi bersama.



Profit yang terkumpul akan digunakan untuk 10.000 pemeriksaan kanker payudara gratis lewat LovePink Indonesia.



Lokasinya di Kyokko Beach, masuk lewat gerbang Marriott Lampung.



Acara berlangsung pada Sabtu, 25 Oktober 2025.",2025-10-25T04:10:00+07:00,2025-10-25T12:10:00+07:00,"Kyokko Beach - The Hurun, Kab. Pesawaran",null,The Hurun x Lampung Marriott,false,350000,IDR,https://assets.loket.com/neo/production/images/banner/20250819203231_68a47cef9c157.jpg
Z6R1T8H9PQ,SSF FUN RUN (ROAD TO SSF),https://www.loket.com/event/ssf-fun-run-road-to-ssf_kmUg,"PERSYARATAN PESERTA SSF FUN RUN





RACE DAY

üìÖ 29 November 2025

üìç Istana Anak, Taman Mini Indonesia Indah



RACE PACK COLLECTION (RPC): To Be Confirmed

üìÖ 27‚Äì28 November 2025





Berlaku untuk seluruh peserta kegiatan lari. Dengan mendaftar, peserta dianggap telah membaca, memahami, dan menyetujui seluruh ketentuan yang tercantum dalam dokumen ini.





1. Ketentuan Umum



Terbuka untuk umum (pria/wanita) dengan usia minimal 15 tahun ke atas.
Peserta wajib melakukan registrasi resmi dan mengisi data dengan benar.
Dengan mendaftar, peserta dianggap menyetujui seluruh peraturan yang berlaku.
Tiket SSF Fun Run sudah termasuk tiket masuk TMII.




2. Kesehatan & Keselamatan



Peserta wajib berada dalam kondisi sehat jasmani dan rohani.
Tidak dianjurkan bagi penderita penyakit berisiko (misalnya jantung, asma berat, atau epilepsi) tanpa rekomendasi medis.
Disarankan melakukan medical check-up ringan sebelum acara.
Wajib mengenakan sepatu lari yang sesuai serta pakaian olahraga yang nyaman.
Panitia menyiapkan tim medis dan pos kesehatan, namun peserta tetap bertanggung jawab atas kondisi kesehatannya masing-masing.




3. Perlengkapan Wajib



Nomor dada (BIB) resmi dari panitia harus dipasang dan terlihat jelas selama kegiatan berlangsung.
Disarankan membawa ponsel dengan baterai cukup untuk keperluan darurat.




4. Ketertiban & Etika Peserta



Peserta wajib mematuhi seluruh arahan dari marshal, panitia SSF, dan petugas keamanan.
Dilarang mengganggu peserta lain, mendorong, atau melakukan tindakan tidak sportif.
Dilarang membuang sampah sembarangan; gunakan tempat sampah yang telah disediakan.


5. Race Pack



Setiap peserta yang telah melakukan registrasi berhak mendapatkan Race Pack, yang dapat diambil sesuai jadwal dan lokasi yang ditentukan panitia. Isi Race Pack meliputi:



1 kaos SSF Fun Run ‚ÄúJuaraga‚Äù (All Size)
1 nomor dada (BIB)
1 goodie bag berisi merchandise sponsor
Medali finisher bagi peserta yang mencapai garis finis




6. Force Majeure & Kebijakan

Panitia berhak menunda atau membatalkan acara karena cuaca ekstrem, bencana alam, atau kondisi darurat lainnya.
Biaya pendaftaran tidak dapat dikembalikan, kecuali ada kebijakan khusus dari panitia.
Setiap perubahan jadwal atau rute akan diumumkan melalui kanal komunikasi resmi panitia.






üì± More Info:

Instagram: @soraksoraifest

Website: www.soraksoraifest.com



Promotor: Gebyar Komunikasi",2025-11-29T05:00:00+07:00,2025-11-29T10:10:00+07:00,"ISTANA ANAK - TMII, Jakarta Timu",null,GEBYAR KOMUNIKASI,false,250000,IDR,https://assets.loket.com/neo/production/images/banner/20251006132413_68e3608d00929.jpg
Y0B5C7J2VN,Sunday Run,https://www.meetup.com/jakarta-beginner-runners/events/311277523/,Your body can stand almost anything. It's your mind that you have to convince.,2025-10-05T06:00:00+07:00,2025-10-05T09:00:00+07:00,"Car Free Day, Sudirman-Thamrin, Jakarta",null,Linda,true,null,null,https://secure.meetupstatic.com/photos/event/e/7/2/f/highres_452879183.jpeg?w=750
G3W8K9S1LP,Sunday Run,https://www.meetup.com/jakarta-beginner-runners/events/dzlpdlyhcnbqb,Your body can stand almost anything. It's your mind that you have to convince.,2025-10-12T06:00:00+07:00,2025-10-12T09:00:00+07:00,"Car Free Day, Sudirman-Thamrin, Jakarta",null,Linda,true,null,null,https://secure.meetupstatic.com/photos/event/e/7/2/f/highres_452879183.jpeg?w=751
R5F2N6M0XA,Sunday Run,https://www.meetup.com/jakarta-beginner-runners/events/dzlpdlyhcnbzb,Your body can stand almost anything. It's your mind that you have to convince.,2025-10-19T06:00:00+07:00,2025-10-19T09:00:00+07:00,"Car Free Day, Sudirman-Thamrin, Jakarta",null,Linda,true,null,null,https://secure.meetupstatic.com/photos/event/e/7/2/f/highres_452879183.jpeg?w=752
O8L1Q9H7ZT,Sunday Run,https://www.meetup.com/jakarta-beginner-runners/events/dzlpdlyhcnbjc,Your body can stand almost anything. It's your mind that you have to convince.,2025-10-26T06:00:00+07:00,2025-10-26T09:00:00+07:00,"Car Free Day, Sudirman-Thamrin, Jakarta",null,Linda,true,null,null,https://secure.meetupstatic.com/photos/event/e/7/2/f/highres_452879183.jpeg?w=753
I7P3J6B5VC,Sunday Run,https://www.meetup.com/jakarta-beginner-runners/events/dzlpdlyhcpbdb,Your body can stand almost anything. It's your mind that you have to convince.,2025-11-02T06:00:00+07:00,2025-11-02T09:00:00+07:00,"Car Free Day, Sudirman-Thamrin, Jakarta",null,Linda,true,null,null,https://secure.meetupstatic.com/photos/event/e/7/2/f/highres_452879183.jpeg?w=754
D2X9R0K4WN,Sunday Run,https://www.meetup.com/jakarta-beginner-runners/events/dzlpdlyhcpbmb,Your body can stand almost anything. It's your mind that you have to convince.,2025-11-09T06:00:00+07:00,2025-11-09T09:00:00+07:00,"Car Free Day, Sudirman-Thamrin, Jakarta",null,Linda,true,null,null,https://secure.meetupstatic.com/photos/event/e/7/2/f/highres_452879183.jpeg?w=755
A5H6M8Q7EP,Sunday Run,https://www.meetup.com/jakarta-beginner-runners/events/dzlpdlyhcpbvb,Your body can stand almost anything. It's your mind that you have to convince.,2025-11-16T06:00:00+07:00,2025-11-16T09:00:00+07:00,"Car Free Day, Sudirman-Thamrin, Jakarta",null,Linda,true,null,null,https://secure.meetupstatic.com/photos/event/e/7/2/f/highres_452879183.jpeg?w=756
T4C1Z3L9VF,Sunday Run,https://www.meetup.com/jakarta-beginner-runners/events/dzlpdlyhcpbfc,Your body can stand almost anything. It's your mind that you have to convince.,2025-11-23T06:00:00+07:00,2025-11-23T09:00:00+07:00,"Car Free Day, Sudirman-Thamrin, Jakarta",null,Linda,true,null,null,https://secure.meetupstatic.com/photos/event/e/7/2/f/highres_452879183.jpeg?w=757
L9E7N2Y5HR,Sunday Run,https://www.meetup.com/jakarta-beginner-runners/events/dzlpdlyhcpbnc,Your body can stand almost anything. It's your mind that you have to convince.,2025-11-30T06:00:00+07:00,2025-11-30T09:00:00+07:00,"Car Free Day, Sudirman-Thamrin, Jakarta",null,Linda,true,null,null,https://secure.meetupstatic.com/photos/event/e/7/2/f/highres_452879183.jpeg?w=758
Q6B3M8F0JP,Sunday Run,https://www.meetup.com/jakarta-beginner-runners/events/dzlpdlyhcqbkb,Your body can stand almost anything. It's your mind that you have to convince.,2025-12-07T06:00:00+07:00,2025-12-07T09:00:00+07:00,"Car Free Day, Sudirman-Thamrin, Jakarta",null,Linda,true,null,null,https://secure.meetupstatic.com/photos/event/e/7/2/f/highres_452879183.jpeg?w=759
B7W4T9S1XK,Sunday Run,https://www.meetup.com/jakarta-beginner-runners/events/dzlpdlyhcqbsb,Your body can stand almost anything. It's your mind that you have to convince.,2025-12-14T06:00:00+07:00,2025-12-14T09:00:00+07:00,"Car Free Day, Sudirman-Thamrin, Jakarta",null,Linda,true,null,null,https://secure.meetupstatic.com/photos/event/e/7/2/f/highres_452879183.jpeg?w=760
X8D0C6R2QN,Sunday Run,https://www.meetup.com/jakarta-beginner-runners/events/311229123,Your body can stand almost anything. It's your mind that you have to convince.,2025-09-28T06:00:00+07:00,2025-09-28T09:00:00+07:00,"Car Free Day, Sudirman-Thamrin, Jakarta",null,Linda,true,null,null,https://secure.meetupstatic.com/photos/event/e/7/2/f/highres_452879183.jpeg?w=761
N5K9P3V7JL,Sunday Run,https://www.meetup.com/jakarta-beginner-runners/events/311111505,Your body can stand almost anything. It's your mind that you have to convince.,2025-09-21T06:00:00+07:00,2025-09-21T09:00:00+07:00,"Car Free Day, Sudirman-Thamrin, Jakarta",null,Linda,true,null,null,https://secure.meetupstatic.com/photos/event/e/7/2/f/highres_452879183.jpeg?w=762
H4A8Y1T6MF,Sunday Run,https://www.meetup.com/jakarta-beginner-runners/events/310996446,Your body can stand almost anything. It's your mind that you have to convince.,2025-09-14T06:00:00+07:00,2025-09-14T09:00:00+07:00,"Car Free Day, Sudirman-Thamrin, Jakarta",null,Linda,true,null,null,https://secure.meetupstatic.com/photos/event/e/7/2/f/highres_452879183.jpeg?w=763
P3L0R9E2ZW,Sunday Run,https://www.meetup.com/jakarta-beginner-runners/events/310879781,Your body can stand almost anything. It's your mind that you have to convince.,2025-09-07T06:00:00+07:00,2025-09-07T09:00:00+07:00,"Car Free Day, Sudirman-Thamrin, Jakarta",null,Linda,true,null,null,https://secure.meetupstatic.com/photos/event/e/7/2/f/highres_452879183.jpeg?w=764
U7S1M4X9KB,Sunday Run,https://www.meetup.com/jakarta-beginner-runners/events/310756247,Your body can stand almost anything. It's your mind that you have to convince.,2025-08-31T06:00:00+07:00,2025-08-31T09:00:00+07:00,"Car Free Day, Sudirman-Thamrin, Jakarta",null,Linda,true,null,null,https://secure.meetupstatic.com/photos/event/e/7/2/f/highres_452879183.jpeg?w=765
C9N2F5T8VH,Sunday Run,https://www.meetup.com/jakarta-beginner-runners/events/310639507,Your body can stand almost anything. It's your mind that you have to convince.,2025-08-24T06:00:00+07:00,2025-08-24T09:00:00+07:00,"Car Free Day, Sudirman-Thamrin, Jakarta",null,Linda,true,null,null,https://secure.meetupstatic.com/photos/event/e/7/2/f/highres_452879183.jpeg?w=766
V2G0D3L7YR,Sunday Run,https://www.meetup.com/jakarta-beginner-runners/events/310527319,Your body can stand almost anything. It's your mind that you have to convince.,2025-08-17T06:00:00+07:00,2025-08-17T09:00:00+07:00,"Car Free Day, Sudirman-Thamrin, Jakarta",null,Linda,true,null,null,https://secure.meetupstatic.com/photos/event/e/7/2/f/highres_452879183.jpeg?w=767
J8W5K6R1EP,Sunday Run,https://www.meetup.com/jakarta-beginner-runners/events/310415231,Your body can stand almost anything. It's your mind that you have to convince.,2025-08-10T06:00:00+07:00,2025-08-10T09:00:00+07:00,"Car Free Day, Sudirman-Thamrin, Jakarta",null,Linda,true,null,null,https://secure.meetupstatic.com/photos/event/e/7/2/f/highres_452879183.jpeg?w=768
M1T9Z4F0QA,Sunday Run,https://www.meetup.com/jakarta-beginner-runners/events/310300818,Your body can stand almost anything. It's your mind that you have to convince.,2025-08-03T06:00:00+07:00,2025-08-03T09:00:00+07:00,"Car Free Day, Sudirman-Thamrin, Jakarta",null,Linda,true,null,null,https://secure.meetupstatic.com/photos/event/e/7/2/f/highres_452879183.jpeg?w=769
S6H2N3Y5WL,RCE Indoor Tennis @ ATW,https://www.meetup.com/jakarta-sports-and-entertainment-group/events/311121299/?recId=6772f9be-3a1e-4702-9aeb-4b44334a1d4f&recSource=event-search&searchId=27a22e7e-44fe-44f1-bf8e-51e669016fda&eventOrigin=find_page%24all,"Want to unwind after work with some fun? How about hitting the tennis courts at Anol Tennis Warehouse with people who are at your level (Intermediate)? It‚Äôs a weekly event, and we‚Äôre always welcoming new members, so you can get a great workout and make some new friends all at once. Looking forward to seeing you there soon! Fee is 198,000 Rp per person.",2025-10-09T20:24:00+07:00,2025-10-09T22:45:00+07:00,Taman Impian Jaya Ancol,null,Entario Susanto,true,null,null,https://secure.meetupstatic.com/photos/event/6/c/3/d/highres_528807709.jpeg?w=750
W0Q8B9X7DR,Friday Nite PickleBall at ATW,https://www.meetup.com/jakarta-sports-and-entertainment-group/events/311136975/?recId=8987efeb-a271-42a1-84de-c937889bc85d&recSource=event-search&searchId=fc6edade-fea4-4e2d-80f5-a2a655a50dca&eventOrigin=find_page%24all,"Main Bareng Pickleball at Ancol Tennis Warehouse. Join us for fun, socialising and sports at Ancol Tennis Warehouse.",2025-10-10T19:00:00+07:00,null,Taman Impian Jaya Ancol,null,Entarico Susanto,true,null,null,https://secure.meetupstatic.com/photos/event/6/c/3/d/highres_528807709.jpeg?w=750
K5R4A3V6MJ,"Yanie's Badminton Game
",https://www.meetup.com/jaksel-badminton/events/311083445/?recId=2f7c9ce0-ba36-4165-b6ee-7bd34d04bf58&recSource=event-search&searchId=a598fda7-7bc9-4336-9f30-8d1865639340&eventOrigin=find_page%24all,"Hello, we already have members, so the game is always on!!

New Normal for JEB Badminton

To support government maintaining restrictions to contain the spread of COVID-19, JEB will update the regulations by setting the game with limited player and applied the following conditions :

Fee Join = Rp. 80.000,- / person with max 8 players /court .
2 courts' court no 6&7

Cancellation Policy :

A. More than 10 hours before game - no penalty / charge from Fee Join.

B. Less than 9 hours before game - a half penalty / charge from Fee Join.

Thank you for your kind understanding.

Cu soon ü§©",2025-10-07T19:00:00+07:00,2025-10-07T22:00:00+07:00,FKS Sport Center 3,"Jl. Tiong Atas No.7, RT.9/RW.6 ¬∑ Kota Jakarta Selatan, Da",Yanie G. and Alona K.,false,80000,IDR,https://secure.meetupstatic.com/photos/event/d/0/4/0/highres_500453312.webp?w=750
E9F2T0P8LC,Yanie's Badminton Game,https://www.meetup.com/jaksel-badminton/events/311200140/?eventOrigin=group_events_list,"Hello, we already have members, so the game is always on!!

New Normal for JEB Badminton

To support government maintaining restrictions to contain the spread of COVID-19, JEB will update the regulations by setting the game with limited player and applied the following conditions :

Fee Join = Rp. 80.000,- / person with max 8 players /court .
2 courts' court no 6&7

Cancellation Policy :

A. More than 10 hours before game - no penalty / charge from Fee Join.

B. Less than 9 hours before game - a half penalty / charge from Fee Join.

Thank you for your kind understanding.

Cu soon ü§©",2025-10-14T19:00:00+07:00,2025-10-14T22:00:00+07:00,FKS Sport Center 3,"Jl. Tiong Atas No.7, RT.9/RW.6 ¬∑ Kota Jakarta Selatan, Da",Yanie G. and Alona K.,false,80000,IDR,https://secure.meetupstatic.com/photos/event/d/0/4/0/highres_500453312.webp?w=750
Z3N1Y5H4WK,Yanie's Badminton Game,https://www.meetup.com/jaksel-badminton/events/311321910/?eventOrigin=group_events_list,"Hello, we already have members, so the game is always on!!

New Normal for JEB Badminton

To support government maintaining restrictions to contain the spread of COVID-19, JEB will update the regulations by setting the game with limited player and applied the following conditions :

Fee Join = Rp. 80.000,- / person with max 8 players /court .
2 courts' court no 6&7

Cancellation Policy :

A. More than 10 hours before game - no penalty / charge from Fee Join.

B. Less than 9 hours before game - a half penalty / charge from Fee Join.

Thank you for your kind understanding.

Cu soon ü§©",2025-10-21T19:00:00+07:00,2025-10-21T22:00:00+07:00,FKS Sport Center 3,"Jl. Tiong Atas No.7, RT.9/RW.6 ¬∑ Kota Jakarta Selatan, Da",Yanie G. and Alona K.,false,80000,IDR,https://secure.meetupstatic.com/photos/event/d/0/4/0/highres_500453312.webp?w=750
Y2M7L9G0QS,Yanie's Badminton Game,https://www.meetup.com/jaksel-badminton/events/310969680/?eventOrigin=group_events_list,"Hello, we already have members, so the game is always on!!

New Normal for JEB Badminton

To support government maintaining restrictions to contain the spread of COVID-19, JEB will update the regulations by setting the game with limited player and applied the following conditions :

Fee Join = Rp. 80.000,- / person with max 8 players /court .
2 courts' court no 6&7

Cancellation Policy :

A. More than 10 hours before game - no penalty / charge from Fee Join.

B. Less than 9 hours before game - a half penalty / charge from Fee Join.

Thank you for your kind understanding.

Cu soon ü§©",2025-09-30T19:00:00+07:00,2025-09-30T22:00:00+07:00,FKS Sport Center 3,"Jl. Tiong Atas No.7, RT.9/RW.6 ¬∑ Kota Jakarta Selatan, Da",Yanie G. and Alona K.,false,80000,IDR,https://secure.meetupstatic.com/photos/event/d/0/4/0/highres_500453312.webp?w=750
G1C8R6D5XV,Yanie's Badminton Game,https://www.meetup.com/jaksel-badminton/events/310849302/?eventOrigin=group_events_list,"Hello, we already have members, so the game is always on!!

New Normal for JEB Badminton

To support government maintaining restrictions to contain the spread of COVID-19, JEB will update the regulations by setting the game with limited player and applied the following conditions :

Fee Join = Rp. 80.000,- / person with max 8 players /court .
2 courts' court no 6&7

Cancellation Policy :

A. More than 10 hours before game - no penalty / charge from Fee Join.

B. Less than 9 hours before game - a half penalty / charge from Fee Join.

Thank you for your kind understanding.

Cu soon ü§©",2025-09-23T19:00:00+07:00,2025-09-23T22:00:00+07:00,FKS Sport Center 3,"Jl. Tiong Atas No.7, RT.9/RW.6 ¬∑ Kota Jakarta Selatan, Da",Yanie G. and Alona K.,false,80000,IDR,https://secure.meetupstatic.com/photos/event/d/0/4/0/highres_500453312.webp?w=750
R0K5P4N9JE,Yanie's Badminton Game,https://www.meetup.com/jaksel-badminton/events/310728016/?eventOrigin=group_events_list,"Hello, we already have members, so the game is always on!!

New Normal for JEB Badminton

To support government maintaining restrictions to contain the spread of COVID-19, JEB will update the regulations by setting the game with limited player and applied the following conditions :

Fee Join = Rp. 80.000,- / person with max 8 players /court .
2 courts' court no 6&7

Cancellation Policy :

A. More than 10 hours before game - no penalty / charge from Fee Join.

B. Less than 9 hours before game - a half penalty / charge from Fee Join.

Thank you for your kind understanding.

Cu soon ü§©",2025-09-16T19:00:00+07:00,2025-09-16T22:00:00+07:00,FKS Sport Center 3,"Jl. Tiong Atas No.7, RT.9/RW.6 ¬∑ Kota Jakarta Selatan, Da",Yanie G. and Alona K.,false,80000,IDR,https://secure.meetupstatic.com/photos/event/d/0/4/0/highres_500453312.webp?w=750
O7B2M3T6HF,Yanie's Badminton Game,https://www.meetup.com/jaksel-badminton/events/310612166/?eventOrigin=group_events_list,"Hello, we already have members, so the game is always on!!

New Normal for JEB Badminton

To support government maintaining restrictions to contain the spread of COVID-19, JEB will update the regulations by setting the game with limited player and applied the following conditions :

Fee Join = Rp. 80.000,- / person with max 8 players /court .
2 courts' court no 6&7

Cancellation Policy :

A. More than 10 hours before game - no penalty / charge from Fee Join.

B. Less than 9 hours before game - a half penalty / charge from Fee Join.

Thank you for your kind understanding.

Cu soon ü§©",2025-09-09T19:00:00+07:00,2025-09-09T22:00:00+07:00,FKS Sport Center 3,"Jl. Tiong Atas No.7, RT.9/RW.6 ¬∑ Kota Jakarta Selatan, Da",Yanie G. and Alona K.,false,80000,IDR,https://secure.meetupstatic.com/photos/event/d/0/4/0/highres_500453312.webp?w=750
I4Z1X9Y8LW,Yanie's Badminton Game,https://www.meetup.com/jaksel-badminton/events/310500521/?eventOrigin=group_events_list,"Hello, we already have members, so the game is always on!!

New Normal for JEB Badminton

To support government maintaining restrictions to contain the spread of COVID-19, JEB will update the regulations by setting the game with limited player and applied the following conditions :

Fee Join = Rp. 80.000,- / person with max 8 players /court .
2 courts' court no 6&7

Cancellation Policy :

A. More than 10 hours before game - no penalty / charge from Fee Join.

B. Less than 9 hours before game - a half penalty / charge from Fee Join.

Thank you for your kind understanding.

Cu soon ü§©",2025-09-02T19:00:00+07:00,2025-09-02T22:00:00+07:00,FKS Sport Center 3,"Jl. Tiong Atas No.7, RT.9/RW.6 ¬∑ Kota Jakarta Selatan, Da",Yanie G. and Alona K.,false,80000,IDR,https://secure.meetupstatic.com/photos/event/d/0/4/0/highres_500453312.webp?w=750
D9J7S0C2MP,Yanie's Badminton Game,https://www.meetup.com/jaksel-badminton/events/310388209/?eventOrigin=group_events_list,"Hello, we already have members, so the game is always on!!

New Normal for JEB Badminton

To support government maintaining restrictions to contain the spread of COVID-19, JEB will update the regulations by setting the game with limited player and applied the following conditions :

Fee Join = Rp. 80.000,- / person with max 8 players /court .
2 courts' court no 6&7

Cancellation Policy :

A. More than 10 hours before game - no penalty / charge from Fee Join.

B. Less than 9 hours before game - a half penalty / charge from Fee Join.

Thank you for your kind understanding.

Cu soon ü§©",2025-08-26T19:00:00+07:00,2025-08-26T22:00:00+07:00,FKS Sport Center 3,"Jl. Tiong Atas No.7, RT.9/RW.6 ¬∑ Kota Jakarta Selatan, Da",Yanie G. and Alona K.,false,80000,IDR,https://secure.meetupstatic.com/photos/event/d/0/4/0/highres_500453312.webp?w=750
A0Q5E6T1VR,Yanie's Badminton Game,https://www.meetup.com/jaksel-badminton/events/310271886/?eventOrigin=group_events_list,"Hello, we already have members, so the game is always on!!

New Normal for JEB Badminton

To support government maintaining restrictions to contain the spread of COVID-19, JEB will update the regulations by setting the game with limited player and applied the following conditions :

Fee Join = Rp. 80.000,- / person with max 8 players /court .
2 courts' court no 6&7

Cancellation Policy :

A. More than 10 hours before game - no penalty / charge from Fee Join.

B. Less than 9 hours before game - a half penalty / charge from Fee Join.

Thank you for your kind understanding.

Cu soon ü§©",2025-08-19T19:00:00+07:00,2025-08-19T22:00:00+07:00,FKS Sport Center 3,"Jl. Tiong Atas No.7, RT.9/RW.6 ¬∑ Kota Jakarta Selatan, Da",Yanie G. and Alona K.,false,80000,IDR,https://secure.meetupstatic.com/photos/event/d/0/4/0/highres_500453312.webp?w=750
T2M3L4N7ZK,Yanie's Badminton Game,https://www.meetup.com/jaksel-badminton/events/310123872/?eventOrigin=group_events_list,"Hello, we already have members, so the game is always on!!

New Normal for JEB Badminton

To support government maintaining restrictions to contain the spread of COVID-19, JEB will update the regulations by setting the game with limited player and applied the following conditions :

Fee Join = Rp. 80.000,- / person with max 8 players /court .
2 courts' court no 6&7

Cancellation Policy :

A. More than 10 hours before game - no penalty / charge from Fee Join.

B. Less than 9 hours before game - a half penalty / charge from Fee Join.

Thank you for your kind understanding.

Cu soon ü§©",2025-08-12T19:00:00+07:00,2025-08-12T22:00:00+07:00,FKS Sport Center 3,"Jl. Tiong Atas No.7, RT.9/RW.6 ¬∑ Kota Jakarta Selatan, Da",Yanie G. and Alona K.,false,80000,IDR,https://secure.meetupstatic.com/photos/event/d/0/4/0/highres_500453312.webp?w=750
L8Y9F5H2PQ,Yanie's Badminton Game,https://www.meetup.com/jaksel-badminton/events/310335877/?eventOrigin=group_events_list,"Hello, we already have members, so the game is always on!!

New Normal for JEB Badminton

To support government maintaining restrictions to contain the spread of COVID-19, JEB will update the regulations by setting the game with limited player and applied the following conditions :

Fee Join = Rp. 80.000,- / person with max 8 players /court .
2 courts' court no 6&7

Cancellation Policy :

A. More than 10 hours before game - no penalty / charge from Fee Join.

B. Less than 9 hours before game - a half penalty / charge from Fee Join.

Thank you for your kind understanding.

Cu soon ü§©",2025-08-05T19:00:00+07:00,2025-08-05T22:00:00+07:00,FKS Sport Center 3,"Jl. Tiong Atas No.7, RT.9/RW.6 ¬∑ Kota Jakarta Selatan, Da",Yanie G. and Alona K.,false,80000,IDR,https://secure.meetupstatic.com/photos/event/d/0/4/0/highres_500453312.webp?w=750
Q9B1V3R8XT,Yanie's Badminton Game,https://www.meetup.com/jaksel-badminton/events/310209473/?eventOrigin=group_events_list,"Hello, we already have members, so the game is always on!!

New Normal for JEB Badminton

To support government maintaining restrictions to contain the spread of COVID-19, JEB will update the regulations by setting the game with limited player and applied the following conditions :

Fee Join = Rp. 80.000,- / person with max 8 players /court .
2 courts' court no 6&7

Cancellation Policy :

A. More than 10 hours before game - no penalty / charge from Fee Join.

B. Less than 9 hours before game - a half penalty / charge from Fee Join.

Thank you for your kind understanding.

Cu soon ü§©",2025-07-29T19:00:00+07:00,2025-07-29T22:00:00+07:00,FKS Sport Center 3,"Jl. Tiong Atas No.7, RT.9/RW.6 ¬∑ Kota Jakarta Selatan, Da",Yanie G. and Alona K.,false,80000,IDR,https://secure.meetupstatic.com/photos/event/d/0/4/0/highres_500453312.webp?w=750
B5C0M7A9WL,Yanie's Badminton Game,https://www.meetup.com/jaksel-badminton/events/310058928/?eventOrigin=group_events_list,"Hello, we already have members, so the game is always on!!

New Normal for JEB Badminton

To support government maintaining restrictions to contain the spread of COVID-19, JEB will update the regulations by setting the game with limited player and applied the following conditions :

Fee Join = Rp. 80.000,- / person with max 8 players /court .
2 courts' court no 6&7

Cancellation Policy :

A. More than 10 hours before game - no penalty / charge from Fee Join.

B. Less than 9 hours before game - a half penalty / charge from Fee Join.

Thank you for your kind understanding.

Cu soon ü§©",2025-07-22T19:00:00+07:00,2025-07-22T22:00:00+07:00,FKS Sport Center 3,"Jl. Tiong Atas No.7, RT.9/RW.6 ¬∑ Kota Jakarta Selatan, Da",Yanie G. and Alona K.,false,80000,IDR,https://secure.meetupstatic.com/photos/event/d/0/4/0/highres_500453312.webp?w=750
X7R8N4D2QK,Yanie's Badminton Game,https://www.meetup.com/jaksel-badminton/events/309963018/?eventOrigin=group_events_list,"Hello, we already have members, so the game is always on!!

New Normal for JEB Badminton

To support government maintaining restrictions to contain the spread of COVID-19, JEB will update the regulations by setting the game with limited player and applied the following conditions :

Fee Join = Rp. 80.000,- / person with max 8 players /court .
2 courts' court no 6&7

Cancellation Policy :

A. More than 10 hours before game - no penalty / charge from Fee Join.

B. Less than 9 hours before game - a half penalty / charge from Fee Join.

Thank you for your kind understanding.

Cu soon ü§©",2025-07-15T19:00:00+07:00,2025-07-15T22:00:00+07:00,FKS Sport Center 3,"Jl. Tiong Atas No.7, RT.9/RW.6 ¬∑ Kota Jakarta Selatan, Da",Yanie G. and Alona K.,false,80000,IDR,https://secure.meetupstatic.com/photos/event/d/0/4/0/highres_500453312.webp?w=750
N1H6Z0F5VP,Yanie's Badminton Game,https://www.meetup.com/jaksel-badminton/events/309963017/?eventOrigin=group_events_list,"Hello, we already have members, so the game is always on!!

New Normal for JEB Badminton

To support government maintaining restrictions to contain the spread of COVID-19, JEB will update the regulations by setting the game with limited player and applied the following conditions :

Fee Join = Rp. 80.000,- / person with max 8 players /court .
2 courts' court no 6&7

Cancellation Policy :

A. More than 10 hours before game - no penalty / charge from Fee Join.

B. Less than 9 hours before game - a half penalty / charge from Fee Join.

Thank you for your kind understanding.

Cu soon ü§©",2025-07-08T19:00:00+07:00,2025-07-08T22:00:00+07:00,FKS Sport Center 3,"Jl. Tiong Atas No.7, RT.9/RW.6 ¬∑ Kota Jakarta Selatan, Da",Yanie G. and Alona K.,false,80000,IDR,https://secure.meetupstatic.com/photos/event/d/0/4/0/highres_500453312.webp?w=750
H3P4T8Y7EM,Yanie's Badminton Game,https://www.meetup.com/jaksel-badminton/events/308439894/?eventOrigin=group_events_list,"Hello, we already have members, so the game is always on!!

New Normal for JEB Badminton

To support government maintaining restrictions to contain the spread of COVID-19, JEB will update the regulations by setting the game with limited player and applied the following conditions :

Fee Join = Rp. 80.000,- / person with max 8 players /court .
2 courts' court no 6&7

Cancellation Policy :

A. More than 10 hours before game - no penalty / charge from Fee Join.

B. Less than 9 hours before game - a half penalty / charge from Fee Join.

Thank you for your kind understanding.

Cu soon ü§©",2025-07-01T19:00:00+07:00,2025-07-01T22:00:00+07:00,FKS Sport Center 3,"Jl. Tiong Atas No.7, RT.9/RW.6 ¬∑ Kota Jakarta Selatan, Da",Yanie G. and Alona K.,false,80000,IDR,https://secure.meetupstatic.com/photos/event/d/0/4/0/highres_500453312.webp?w=750
P9L5S1R2XJ,Yanie's Badminton Game,https://www.meetup.com/jaksel-badminton/events/308277793/?eventOrigin=group_events_list,"Hello, we already have members, so the game is always on!!

New Normal for JEB Badminton

To support government maintaining restrictions to contain the spread of COVID-19, JEB will update the regulations by setting the game with limited player and applied the following conditions :

Fee Join = Rp. 80.000,- / person with max 8 players /court .
2 courts' court no 6&7

Cancellation Policy :

A. More than 10 hours before game - no penalty / charge from Fee Join.

B. Less than 9 hours before game - a half penalty / charge from Fee Join.

Thank you for your kind understanding.

Cu soon ü§©",2025-06-24T19:00:00+07:00,2025-06-24T22:00:00+07:00,FKS Sport Center 3,"Jl. Tiong Atas No.7, RT.9/RW.6 ¬∑ Kota Jakarta Selatan, Da",Yanie G. and Alona K.,false,80000,IDR,https://secure.meetupstatic.com/photos/event/d/0/4/0/highres_500453312.webp?w=750
U6M8K9C0TB,SAGOBAR Garung Anyer bersama Rodalink Cilegon,https://event.rodalink.com/sagobar-garung-anyer-bersama-rodalink-cilegon,"Tanggal: Minggu, 12 Oktober 2025 Waktu Start: 06.00 WIB Titik Start: Rodalink Bekasi Tambun Destinasi: Dodol Bekasi BUNGA Jarak: ¬± 30 KM Sepeda: ALL BIKE Kegiatan: Games Berhadiah, Edukasi Pembuatan Dodol",2025-10-11T07:00:00+07:00,null,Land Mark / Tugu Baja Cilegon,"Jl. Jenderal Sudirman, Ramanuju, Kec. Purwakarta, Kota Cilegon, Banten 42431",Rodalink Cilegon,true,null,null,https://event.rodalink.com/images/FyXFod6syAJ4cANGwdxIJ0nCPaFGLQaUYmVx5Gwn.jpg
C4E9D7N1HV,Gravelan ke Puslit Kopi bersama Rodalink Jember,https://event.rodalink.com/gravelan-ke-puslit-kopi-bersama-rodalink-jember,"Tanggal: Minggu, 12 Oktober 2025 Waktu Start: 05.30 WIB Titik Start: Rodalink Jember Destinasi: Pusat Penelitian Kopi & Kakao Jarak: ¬± 25 KM Sepeda: GRAVEL / MTB Kegiatan: Konsumsi, Sharing Session",2025-10-12T05.30.00+07:00,null,Rodalink Jember,"Jl. Gajah Mada No.329, Kaliwates Kidul, Kaliwates, Kec. Kaliwates, Kabupaten Jember, Jawa Timur 68131",Rodalink Jember,true,null,null,https://event.rodalink.com/images/6eoHMdKTCayzcW6J620CMCVLjdLaBOxXwy9DEpYx.jpg
V3F6T0Z8YL,Gowes Sehat bersama Rodalink Madiun,https://event.rodalink.com/gowes-sehat-bersama-rodalink-madiun,"Tanggal: Minggu, 12 Oktober 2025 Waktu Start: 06.00 WIB Titik Start: Rodalink Madiun Titik Finish: Watu Gong Jarak: ¬± 20 KM Sepeda: ALL BIKE Kegiatan: Konsumsi, Pengecekan Sepeda Gratis",2025-10-12T06.00.00+07:00,null,Rodalink Madiun,"Jl. MT Haryono no 26, Mojorejo, Kota Madiun Madiun,JAWA TIMUR Indonesia.",Rodalink Madiun,true,null,null,https://event.rodalink.com/images/0uurz3cgEdh3jxeUN2JpxNR3qh63vCzPvKggChle.jpg
J7D2R5K9QP,Explore Bekasi with Rodalink Bekasi Jatiwaringin,https://event.rodalink.com/explore-bekasi-with-rodalink-bekasi-jatiwaringin,"Tanggal: Minggu, 12 Oktober 2025 Waktu Start: 06.00 WIB Titik Start: Rodalink Bekasi Jatiwaringin Destinasi: Peternakan Hewan Jarak: ¬± 25 KM Sepeda: ALL BIKE Kegiatan: Konsumsi, Sharing Session",2025-10-12T06.00.00+07:00,null,Rodalink Bekasi Jatiwaringin,"Jl. Raya Jatiwaringin No.110, Jatiwaringin, Kec. Pd. Gede, Kota Bks, Jawa Barat 17411",Rodalink Bekasi Jatiwaringin,true,null,null,https://event.rodalink.com/images/7fHTihdheYun8DS0iZyXqXZQRuOqbnrOiuWRoXPv.jpg
M9X0N3Y4LF,Batik Day Ride with Rodalink Bogor Siliwangi,https://event.rodalink.com/batik-day-ride-with-rodalink-bogor-siliwangi,"Tanggal: Minggu, 12 Oktober 2025 Waktu Start: 06.00 WIB Titik Start: Rodalink Bogor Siliwangi Titik Finish: Kopi Nako Sangrai Jarak: ¬± 25 KM Sepeda: ALL BIKE Kegiatan: Konsumsi, Coaching Clinic",2025-10-12T06.00.00+07:00,null,Rodalink Bogor Siliwangi,"Jl. Siliwangi No.72, RT.04/RW.04, Lawanggintung, Kec. Bogor Sel., Kota Bogor, Jawa Barat 16134",Rodalink Bogor Siliwangi,true,null,null,https://event.rodalink.com/images/DDicpbhuk8yQiFD9xgnBquzIS2ywBGl4gUH5ydH1.jpg
S5H8E7T1ZW,Gowes to Taman Pancasila with Rodalink Bekasi Kalimalang,https://event.rodalink.com/gowes-to-taman-pancasila-with-rodalink-bekasi-kalimalang,"Tanggal: Minggu, 12 Oktober 2025 Waktu Start: 06.00 WIB Titik Start: Rodalink Bekasi Kalimalang Titik Finish: Rodalink Bekasi Kalimalang Destinasi: Taman Pancasila Jarak: ¬± 50 KM Sepeda: ALL BIKE Kegiatan: Konsumsi, Dokumentasi",2025-10-12T06.00.00+07:00,null,Rodalink Bekasi Kalimalang,"Jl. KH. Noer Ali. 1H-I, RT.005/RW.002, Jakasampurna, Kec. Bekasi Bar., Kota Bks, 17145",Rodalink Bekasi Kalimalang,true,null,null,https://event.rodalink.com/images/ubMse1whNyiXUjsFnLsV7JZjqob4XisfjYhMpN5k.jpg
W8Q3P2R9LM,Urban Treasure Ride with Rodalink Surabaya Concept Store,https://event.rodalink.com/urban-treasure-ride-with-rodalink-surabaya-concept-store,"Tanggal: Minggu, 12 Oktober 2025 Waktu Start: 06.00 WIB Titik Start/Finish: Rodalink Rodalink Surabaya Concept Store Destinasi: Kota Tua Heritage Jarak: ¬± 50 KM Sepeda: URBAN / FOLDING Kegiatan: Games, Konsumsi, Sharing Session",2025-10-12T06.00.00+07:00,null,Rodalink Surabaya Concept Store,"Jl. Mayjen HR. Muhammad No.28, Pradahkalikendal, Kec. Dukuhpakis, Surabaya, Jawa Timur 60226",Rodalink Surabaya Concept Store,true,null,null,https://event.rodalink.com/images/TN2X1d0Z6mXPn6UbPHkUeqphOYSdIh9Lc55Oj7vL.jpg
K1A9V4C7XT,Gravel Adventure Ride with Rodalink Bekasi Cibubur,https://event.rodalink.com/gravel-adventure-ride-with-rodalink-bekasi-cibubur,"Tanggal: Minggu, 12 Oktober 2025 Waktu Start: 06.00 WIB Titik Start: Rodalink Bekasi Cibubur Destinasi: UMKM Setu Bekasi Jarak: ¬± 30 KM Sepeda: GRAVEL / MTB Kegiatan: Konsumsi, Sharing Session",2025-10-12T06.00.00+07:00,null,Rodalink Bekasi Cibubur,"Jl. Alternatif Cibubur No.58, RT.002/RW.008, Jatisampurna, Kec. Jatisampurna, Kota Bks, Jawa Barat 17435",Rodalink Bekasi Cibubur,true,null,null,https://event.rodalink.com/images/B52XeXRgBn3O6XNNhLYSIz6yHiUiL9kV4YHmMVwM.jpg
E6N5M2Y8DJ,Touring Tiga Kota Satu Rantai bersama Rodalink Tangerang Citra Raya,https://event.rodalink.com/touring-tiga-kota-satu-rantai-bersama-rodalink-tangerang-citra-raya,"Tanggal: Minggu, 12 Oktober 2025 Waktu Start: 06.00 WIB Titik Start: Rodalink Tangerang Citra Raya Destinasi: Berkunjung ke Rodalink Tangerang Raya Jarak: ¬± 90 KM Sepeda: ALL BIKES Kegiatan: Konsumsi, Sharing Session",2025-10-12T06.00.00+07:00,null,Rodalink Tangerang Citra Raya,"Perumahan Citra Raya, Komplek Mardi Grass Blok KF 01, 8 No.10, Mekar Bakti, Kec. Cikupa, Kabupaten Tangerang, Banten 15710",Rodalink Tangerang Citra Raya,true,null,null,https://event.rodalink.com/images/jAuHQcg5noPL5BxB4zO1YEprTXRQHwNl4ApTuKyJ.jpg
Z8R7T1H0PQ,Gowes UMKM bersama Rodalink Bekasi Tambun,https://event.rodalink.com/gowes-umkm-bersama-rodalink-bekasi-tambun,"Tanggal: Minggu, 12 Oktober 2025 Waktu Start: 06.00 WIB Titik Start: Rodalink Bekasi Tambun Destinasi: Dodol Bekasi BUNGA Jarak: ¬± 30 KM Sepeda: ALL BIKE Kegiatan: Games Berhadiah, Edukasi Pembuatan Dodol",2025-10-12T06.00.00+07:00,null,Rodalink Bekasi Tambun,"Jl. Sultan Hasanudin No.33, Tambun, Kec. Tambun Sel., Kabupaten Bekasi, Jawa Barat 17510",Rodalink Bekasi Tambun,true,null,null,https://event.rodalink.com/images/2x47ZyaZZ9GVe7rzJ4ctOvZixlhH9dmqakomYdv4.jpg
Y9B0C8J2VN,CELEBRITY FITNESS DANCE N ATTITUDE VOL.7 (Jakarta),https://www.ticket2u.id/event/42925/celebrity-fitness-dance-n-attitude-vol.7-(jakarta),"Dance N‚Äô Attitude Intensive Class is an organized program where individuals come together to learn, practice, and improve their dance skills with our Dance Instructors and Choreographers. These workshops can be designed for various age groups, skill levels, and dance styles.

This theme symbolizes a profound and unwavering passion for dance. For those who feel 'born to dance,' it is not merely a hobby; it is a fundamental aspect of their identity. Through dance, they can express their emotions, inspire others to pursue their passion, and, most importantly, enhance their well-being.",2025-05-24T12.30.00+07:00,#VALUE!,Main Studio - Celebrity Fitness Kuningan City,"Celebrity Fitness Kuningan City
14, Jl. Prof. DR. Satrio No.18, RT.11/RW.4, Kuningan, Karet Kuningan, Kuningan, South Jakarta City, Jakarta 12940",Celebrity Fitness,false,450000,IDR,https://images.t2u.io/upload/event/listing/0-42925-AWSS382b707a7-cbb2-48c7-99a7-61ce10b1ec2e-IP77.jpg
G5W6K1S4LP,HYROX CHALLENGE (BANDUNG),https://www.ticket2u.id/event/42867/hyrox-challenge-(bandung),"HYROX CHALLANGE - RELAY Category with CELEBRITY FITNESS INDONESIA



- 1 tim terdiri dari 4 orang 

- Terdiri dari 3 Kategori 

                - Male Relay (Semua Team berisikan Laki-Laki)

                - Female Relay (Semua Team berisikan Perempuan)

                - Mix Relay ( Team berisikan 2 Laki-Laki dan 2 Perempuan)

- 1 tim perlu membayar biaya pendaftaran sebesar Rp 600.000/tim



Acara ini dirancang untuk menguji kekuatan, daya tahan, dan kerja sama tim melalui dua blok latihan intensif, ditambah satu sesi agility run. Setiap tim akan berkompetisi selama 28 menit dalam format wave yang sudah terjadwal.

",2025-04-26T06.40.00+07:00,#VALUE!,Main Studio - Celebrity Fitness Paris Van Java,"Celebrity Fitness Paris Van Java
SL, Paris Van Java, Jl. Sukajadi No.01A, Cipedes, Kec. Sukajadi, Kota Bandung, Jawa Barat 40162, Indonesia",Celebrity Fitness,false,600000,IDR,https://images.t2u.io/upload/event/listing/0-42867-AWSS36d713074-b4ec-4e25-bbe9-1424792d7d10-3RWS.jpg
R8F3N2M0XA,FITNESS FIRST HYROX MINI SIMULATION,https://www.ticket2u.id/event/42770/fitness-first-hyrox-mini-simulation,"HYROX Mini Simulation - DOUBLE Category with Fitness First Indonesia

- 1 tim terdiri dari 2 orang (bebas = pria+pria, wanita+wanita, atau pria+wanita)

- 1 tim perlu membayar biaya pendaftaran sebesar Rp 300.000/tim

- HYROX Mini Simulation ini terbatas untuk 40 tim pertama, first pay first serve!



Detail:

Sabtu, 19 April 2025

@Main Lobby, Senayan City 



Wave yang tersedia*;

Wave 1 = 06.30 WIB (10 Tim)

Wave 2 = 06.50 WIB (10 Tim)

Wave 3 = 07.10 WIB (10 Tim)

Wave 4 = 07.30 WIB (10 Tim)



*WAJIB registrasi ulang 30 menit sebelum Wave yang tim Anda pilih

Any inquiry: Dewi ‚Äì 085885601578



 Event Details:

 Date: SATURDAY, 19 APRIL 2025
 Time: 6 AM ‚Äì 9 AM
 Location: FITNESS FIRST SENAYAN CITY

 Limited spots available! Reserve your place today and unlock your full potential. ",2025-04-19T06.00.00+07:00,#VALUE!,"Main Lobby, Senayan City ","Fitness First, Jl. Asia Afrika No.Lot 19, RT.1/RW.3, Gelora, Kecamatan Tanah Abang, Kota Jakarta Pusat, Daerah Khusus Ibukota Jakarta 10270",Fitness First,false,300000,IDR,https://images.t2u.io/upload/event/listing/0-42770-AWSS301e06beb-47f9-4a60-ad7e-5056f3e93952-lOsi.jpg
O9L4Q3H5ZT,FITNESS FIRST HYROX PHYSICAL FITNESS TEST (PFT),https://www.ticket2u.id/event/42579/fitness-first-hyrox-physical-fitness-test-(pft,"ABOUT HYROX HYROX PHYSICAL FITNESS TEST (P‚ÄôF‚ÄùT) :



HYROX Physical Fitness Test (PFT) It‚Äôs a fitness racing party at your place!

Imagine the music pumping, your members starting in waves every 10 minutes, partnering up, and supporting each other as they strive to climb the ranks on the global HYROX leaderboard.

Whether they‚Äôre new to fitness racing or seasoned pros, our team will be by your side, ensuring everyone has an absolute blast.

WHY DO A P'F""T?

Personal Fitness Assessment: Measures strength, endurance, and speed.
New Challenge: Provides motivation to improve performance.
Competition Preparation: Helps prepare for Hyrox competitions.
Progress Tracking: Monitors fitness progress over time.
Community & Support: Join a supportive fitness community


 Event Details:

 Date: SATURDAY, 12 & 19 APRIL 2025
 Time: 10 AM ‚Äì 12 PM
 Location: 

FITNESS FIRST SENAYAN CITY

FITNESS FIRST LIPPO MALL PURI

FITNESS FIRST TAMAN ANGGREK 



Step into the HYROX P'F""T and push your limits in an event designed to test your strength, endurance, and resilience. Take your fitness to new heights and discover what you‚Äôre truly capable of. 

 Limited spots available! Reserve your place today and unlock your full potential. ",2025-04-12T10.00.00+07:00,#VALUE!,FITNESS FIRST SENAYAN CITY,"Fitness First, Jl. Asia Afrika No.Lot 19, RT.1/RW.3, Gelora, Kecamatan Tanah Abang, Kota Jakarta Pusat, Daerah Khusus Ibukota Jakarta 10270",Fitness First,false,75000,IDR,https://images.t2u.io/upload/event/listing/0-42579-AWSS3c1c19f07-eb13-4ec8-a816-cf446b7427c0-0D4p.jpg
I6P1J0B7VC,CELEBRITY FITNESS HYROX PHYSICAL FITNESS TEST (PFT),https://www.ticket2u.id/event/42564/celebrity-fitness-hyrox-physical-fitness-test-(pft),"ABOUT HYROX HYROX PHYSICAL FITNESS TEST (P‚ÄôF‚ÄùT) :



HYROX Physical Fitness Test (PFT) is a standardized fitness assessment designed to measure an individual's strength, endurance, and overall physical performance. It serves as a benchmark for athletes and fitness enthusiasts preparing for the HYROX competition or looking to evaluate their fitness level.

The PFT consists of a series of functional exercises that replicate movements required in HYROX races, ensuring participants are physically prepared for the challenge. It is open to all fitness levels and can be used as a training tool to track progress and improve performance over time.



‚ú® Why Join HYROX PFT ?

Benchmark Your Fitness ‚Äì Assess your current strength, endurance, and overall physical condition.
Prepare for HYROX ‚Äì Train and test yourself with exercises that mirror the HYROX competition.
Track Your Progress ‚Äì Use the PFT as a tool to measure improvements over time.
Challenge Yourself ‚Äì Push your limits and enhance your athletic performance.
Open to All Levels ‚Äì Whether you're a beginner or an experienced athlete, the PFT is designed for everyone.


 Who Can Join?

HYROX is open to everyone, regardless of fitness level! Whether you're a beginner, a seasoned athlete, or a fitness enthusiast, you can take part in the challenge.

 Event Details:

Date:
Saturday, 19 April 2025
Saturday, 26 April 2025
Sunday,  27 April 2025


 Time: 10 AM ‚Äì 12 PM
 Location: 

CELEBRITY FITNESS TERAS 

CELEBRITY FITNESS LEVEL 21 SUNSET BALI

CELEBRITY FITNESS LEVEL 21 DENPASAR 

CELEBRITY FITNESS PARIS VAN JAVA

CELEBRITY FITNESS ARTHA GADING



Join us for an exhilarating and empowering HYROX experience that will push your limits, boost your endurance, and leave you feeling stronger, fitter, and more unstoppable than ever.



 Spaces are limited! Reserve your spot today and start your journey to a stronger, healthier, and more unstoppable than ever. ",2025-04-19T10.00.00+07:00,#VALUE!,CELEBRITY FITNESS TERAS ,"Jl. Pahlawan Seribu CBD Lot VII B Serpong, Lengkong Gudang, Kec. Serpong, Kota Tangerang Selatan, Banten 15321",Celebrity Fitness,false,75000,IDR,https://images.t2u.io/upload/event/listing/0-42564-AWSS3d1b7cef6-dcc6-4b54-ad1a-31b31566b45d-u6y5.jpeg
D5X2R9K8WN,CELEBRITY FITNESS AND FITNESS FIRST RPM 100,https://www.ticket2u.id/event/33733/celebrity-fitness-and-fitness-first-rpm-100,"About the Event:

Evolution Wellness, was established in 2017 following the coming together of two of Southeast Asia‚Äôs best-known fitness brands ‚Äì Celebrity Fitness and Fitness First ‚Äì to form one of the largest, wholly-owned fitness club networks in the region.
As ‚ÄúEvolution Wellness‚Äù name suggests, we‚Äôre on a journey from ‚Äòfitness to wellness‚Äô; we‚Äôre dedicated to developing a comprehensive wellness ecosystem and supporting our members and customers to become the best version of themselves.
""It's time to ride and grind with RPM, our group indoor cycling program. This low-impact workout promises maximum cardio and calorie burn


The concept behind this release was to not only celebrate the program's history but also look forward to the future. In RPM #100, we had the opportunity to experiment extensively with music, style, and class structure. Therefore, RPM #100 serves as a perfect representation of this experimentation. 

Rundown :



FITNESS FIRST - RPM 100            

GX Studio ‚Äì Fitness First Pasific Place 

Saturday, 16 December 2023



9 AM
RPM 100 (SESSION 1) With Kamil, Juan, Devina
10.15 AM
RPM 100 (SESSION 2 ) With Tony, Samuel, Lynda


CELEBRITY FITNESS - RPM 100

Main Studio - Celebrity Fitness Kuningan City

Sunday, 17 December 2023



8.45 AM
RPM 100 (SESSION 1) With Tiff, Henny dan David Hc
10.00 AM 
RPM 100 (SESSION 2) With Holly, Novi sagala dan Alvin ho
11.45 AM
RPM 100 (SESSION 3) With Randy, Achie dan Sendy


Don‚Äôt miss this chance



Limited Seat.



Important Note

Purchased tickets are non-refundable and non-changeable",2023-12-16T09.00.00+07:00,#VALUE!,GX Studio ‚Äì Fitness First Pasific Place ,"Jl. Jenderal Sudirman No.52-53, RT.5/RW.3, Senayan, Kec. Kby. Baru, Kota Jakarta Selatan, Daerah Khusus Ibukota Jakarta 12190",Celebrity Fitness,false,296000,IDR,https://images.t2u.io/upload/event/listing/0-33733-AWSS3c243a8b9-b5c9-4eb9-adbf-6384b91a9b52-cOMq.jpg
A3H0M4Q6EP,Celebrity Fitness Dance N' Attitude vol. 1,https://www.ticket2u.id/event/33392/celebrity-fitness-dance-n-attitude%C2%A0vol.%C2%A01,"Dance N‚Äô Attitude Intensive Class is an organized program where individuals come together to learn, practice, and improve their dance skills with our Dance Instructors and Choreographers. These workshops can be designed for various age groups, skill levels, and dance styles.

This theme symbolizes a profound and unwavering passion for dance. For those who feel 'born to dance,' it is not merely a hobby; it is a fundamental aspect of their identity. Through dance, they can express their emotions, inspire others to pursue their passion, and, most importantly, enhance their well-being.


Rundown
            

1 PM	DNA RAW With Salman Mora and Stella
3 PM	DNA Seduce With Kellvin Azarya and Arif Surahman
5 PM	DNA Mask With Aji Mukti Wibowo and Arif Surahman
7 PM	DNA Flavor With Tommy Dewantara and Chyntia Arnella


GET EXCLUSIVE TSHIRT FOR 100 FIRST REGISTERED

Don‚Äôt miss this chance

Limited Seat",2023-11-25T13.00.00+07:00,#VALUE!,"Celebrity Fitness - Kuningan City Mall","Celebrity Fitness - Kuningan City Mall
Jl. Prof. DR. Satrio Jl. Tiong No.18, RT.4/RW.1, Kuningan, Karet Kuningan, Kecamatan Setiabudi, Kota Jakarta Selatan, Daerah Khusus Ibukota Jakarta 12940, Indonesia",Celebrity Fitness,false,150000,IDR,https://images.t2u.io/upload/event/listing/0-33392-AWSS39f7e3585-c672-44f9-9164-cfde7ec9fef8-VYHi.png
T1C9Z5L2VF,World wellness weekend - Yoga in the city,https://www.ticket2u.id/event/32480/world-wellness-weekend-yoga-in-the-city,World Wellness Weekend (WWW) aims to inspire and empower people to make healthier choices and enjoy an active lifestyle with family & friends. The current health situation around the world reminds us how important it is to have a strong immune system.,2023-09-17T06.00.00+07:00,#VALUE!,Senayan Park Jakarta,"Jl. Gerbang Pemuda No.3, RT.1/RW.3, Gelora, Kecamatan Tanah Abang, Kota Jakarta Pusat, Daerah Khusus Ibukota Jakarta 10270",Celebrity Fitness,false,125000,IDR,https://images.t2u.io/upload/event/listing/0-32480-AWSS3667a80af-448a-4dd4-ba9a-fb409743dcad-c66G.jpg
L0E8N7Y4HR,World wellness weekend - Yoga in the park,https://www.ticket2u.id/event/32477/world-wellness-weekend-yoga-in-the-park,World Wellness Weekend (WWW) aims to inspire and empower people to make healthier choices and enjoy an active lifestyle with family & friends. The current health situation around the world reminds us how important it is to have a strong immune system.,2023-09-16T06.00.00+07:00,#VALUE!,Grand Shamaya Surabaya,"Jl. Embong Sawo No.1, RT.002/RW.03, Embong Kaliasin, Kec. Genteng, Surabaya, Jawa Timur 60271",Celebrity Fitness,false,150000,IDR,https://images.t2u.io/upload/event/listing/0-32477-AWSS396cf6270-172c-4579-8397-b5a881e8beae-zBwO.jpg
Q4B2M6F9JP,World wellness weekend - Yoga in the park,https://www.ticket2u.id/event/32472/world-wellness-weekend-yoga-in-the-park,World Wellness Weekend (WWW) aims to inspire and empower people to make healthier choices and enjoy an active lifestyle with family & friends. The current health situation around the world reminds us how important it is to have a strong immune system.,2023-09-17T06.00.00+07:00,#VALUE!,Bumi Sangkuriang Bandung,"Jl. Rancabentang No.2, Ciumbuleuit, Kec. Cidadap, Kota Bandung, Jawa Barat 40141",Celebrity Fitness,false,150000,IDR,https://images.t2u.io/upload/event/listing/0-32472-AWSS341ddff9d-069f-42b7-9e04-1ed54162039a-XPsx.jpg
B9W3T7S0XK,"BAF Lions Run 2,5K 2025",https://baflionsrun.id/,A charity run event with a heartfelt mission of Run For Children.,2025-07-23T05:00:00+07:00,2025-07-23T10:00:00+07:00,"Parkir Timur Selatan GBK, Senayan","Jl. Pintu Satu Senayan, RT.1/RW.3, Gelora, Kecamatan Tanah Abang, Kota Jakarta Pusat, Daerah Khusus Ibukota Jakarta 10270",BAF,false,249000,IDR,https://img.cause.id/event/blr2025/page/banner.webp
X0D8C1R5QN,BAF Lions Run 5K 2025,https://baflionsrun.id/,A charity run event with a heartfelt mission of Run For Children.,2025-07-23T05:00:00+07:00,2025-07-23T10:00:00+07:00,"Parkir Timur Selatan GBK, Senayan","Jl. Pintu Satu Senayan, RT.1/RW.3, Gelora, Kecamatan Tanah Abang, Kota Jakarta Pusat, Daerah Khusus Ibukota Jakarta 10270",BAF,false,299000,IDR,https://img.cause.id/event/blr2025/page/banner.webp
N8K4P7V9JL,BAF Lions Run 10K 2025,https://baflionsrun.id/,A charity run event with a heartfelt mission of Run For Children.,2025-07-23T05:00:00+07:00,2025-07-23T10:00:00+07:00,"Parkir Timur Selatan GBK, Senayan","Jl. Pintu Satu Senayan, RT.1/RW.3, Gelora, Kecamatan Tanah Abang, Kota Jakarta Pusat, Daerah Khusus Ibukota Jakarta 10270",BAF,false,399000,IDR,https://img.cause.id/event/blr2025/page/banner.webp
H9A6Y3T0MF,PRUActive Virtual 2025,https://event.cause.id/pruactive25/eventdetails,PRUActive Virtual 2025 merupakan sebuah inisiatif yang diselenggarakan oleh Prudential Indonesia dalam upaya mengajak masyarakat Indonesia untuk senantiasa hidup aktif guna mewujudkan gaya hidup yang sehat dan seimbang dengan mengadakan ajang lari dan jalan kaki secara virtual yang dapat ditukarkan dengan misi mulia yaitu penanaman pohon mangrove sebagai bentuk pelestarian lingkungan.,2025-01-25T00:00:00+07:00,2025-01-25T23:59:59+07:00,Virtual Run,Flexible Location,PRUActive by PRUdential,true,null,null,https://alt.cause.id/img/event/pruactive25/page/banner.webp
P7L1R4E8ZW,Mabar All Level Seru After Office,https://ayo.co.id/main-bareng/mabar-all-level-seru-after-office-setiap-rabu-24,"Mabar Seru After Office!
Capek kerja? Saatnya lepas penat bareng di lapangan!
Kita main di Pasar Tebet Barat, Lapangan 1
Jam 8‚Äì10 malam ‚Äî langsung gas abis pulang kantor!

Main santai, kenalan, keringetan bareng.
No skill? No problem. Yang penting datang dan have fun!",2025-10-08T20:00:00+07:00,2025-10-08T22:00:00+07:00,Lapangan Badminton 1 ¬∑ Pasar Tebet Barat Sport Center,Jalan Tebet Barat Dalam Raya No 57-59 Kel Tebet Barat Kec Tebet Selatan,Mabar Badminton Jakarta,false,50000,IDR,https://storage.googleapis.com/data.ayo.co.id/photos/77445/SEO%20HDI%202/55.%20Mengenal%20Raket%20Olahraga%20Badminton%2C%20Jenis%2C%20Material%20dan%20Cara%20Memilih%20yang%20Tepat.jpg
U0S9M3X2KB,Ngalter Sore X Swing Swish Swoosh,https://ayo.co.id/main-bareng/2c2h-120k-ngalter-sore-x-swing-swish-swoosh,"Let's join our rally match! ‚ú® No pressure. No judgement. Main asik aja kita. üìç Rekket Space Padel Hall (COURT 5 & 6) üóìÔ∏è Rabu, 8 Oktober 2025 ‚è∞ 15.00 - 17.00 (2C2H) üë´ 14 players üïπÔ∏è Mexicano 21 poin (5 serve) üéæ Bola sudah disediakan, raket bisa disewa OTS ü•§ Free air minum üèÜ Semua pemain dapet voucher dari Swing Swish Swoosh dan hadiah gemes untuk Top Score üí∏ Rp 120.000/ player Cara join : Request - Masuk Waitlist - Transfer Mandiri 1760003111448 Dion Langsung masuk list peserta üôåüèª üìå Kalo mendadak gak bisa main, silahkan cari pengganti ya. Gak bisa refund. üìå Usahakan datang 10-15 menit sebelum mulai ya supaya bisa kenalan dan pemanasan dulu Jangan sampe kelewatan mabar bareng NDP yang pastinya selalu seru ‚ú® Follow IG untuk cek update : https://www.instagram.com/ngalterdipadel Brand sponsor : https://www.instagram.com/swingswishswoosh",2025-10-08T15:00:00+07:00,2025-10-08T17:00:00+07:00,Court 5 ¬∑ Rekket Space Padel Bsd,"Jalan Buaran Viktor, Bsd, Tangerang Selatan.",Ngalter Di Padel,false,120000,IDR,https://storage.googleapis.com/data.ayo.co.id/photos/77445/SEO%20HDI%202/30.%20Bagaimana%20Ciri-Ciri%20Padel%20Court%20yang%20Baik%20dan%20Berkualitas.jpg
C5N6F7T9VH,Php Weekly Intense Mexicano,https://ayo.co.id/main-bareng/2c2h-php-weekly-intense-mexicano-2,"üìÖ Thursday, 9 october 2025 ‚è∞ 12.00 ‚Äì 14.00 (2 hours) üìç @ Athletiqs Airdome (court 1 & 2) üë• Slots: 14 Intense game, Beginner - Upper Beginner üéæ Balls provided üéØ Scoring System Mexicano 21 pts No racket, No problem. Racket can be rent at the venue üí∞ Rp 275.000 per person BCA 5270905996 a/n Ralph William (note reclub nickname) 12 hours before play - no cancelation no refund üîπ HOW TO JOIN 1Ô∏è‚É£ Request for a slot 2Ô∏è‚É£ Wait to be added to the waitlist 3Ô∏è‚É£ Settle the payment & send proof of transfer in the event chat 4Ô∏è‚É£ You‚Äôre officially in 2‚Ä¶4‚Ä¶5 Slot terbatas, have fun! üöÄ",2025-10-09T12:00:00+07:00,2025-10-09T14:00:00+07:00,Court 2 ¬∑ Athletiqs Airdome Kota Jakarta Pusat,"Jl. Karet Pasar Baru Barat Vii No 8, Karet Tengsin",Php Padel Club,false,275000,IDR,https://storage.googleapis.com/data.ayo.co.id/photos/77445/SEO%20HDI%202/30.%20Bagaimana%20Ciri-Ciri%20Padel%20Court%20yang%20Baik%20dan%20Berkualitas.jpg
V4G1D8L3YR,intense Session Upper Beginner Only - 2 Courts 2 Hours,https://ayo.co.id/main-bareng/intense-session-upper-beginner-only-2-courts-2-hours,"This session is supported by Rekket Premiere Padel Ball üî•Intense Session, No Newbie or First Timers!üî• 2 Courts, 2 Hours 21p Americano shuffled by PlaybyTurn app 14 players ‚õ≥Ô∏èZSC Padel Cempaka Putih üìÜWed, 8 Oct 2025 | 20.00 - 22.00 üí∞170k üéæNew balls provided üèÜTop 3 get prizes Strictly for Upper Beginner and up! By joining you agree to our refund policy and allow us to upload your photos/videos on our Social Media Follow our instagram: https://instagram.com/padelpuffclub",2025-10-08T20:00:00+07:00,2025-10-08T22:00:00+07:00,Court S ( Terakota ) ¬∑ Zsc Padel Kota Jakarta Pusat,Jl.letjend Suprapto No.9 Rt.001 Rw.001 Desa/kelurahan Cempaka Putih Barat Kecamatan Cempaka Putih Kota Adm. Jakarta Pusat Provinsi Dki Jakarta,Padelpuff Club,false,170000,IDR,https://storage.googleapis.com/data.ayo.co.id/photos/77445/SEO%20HDI%202/30.%20Bagaimana%20Ciri-Ciri%20Padel%20Court%20yang%20Baik%20dan%20Berkualitas.jpg
J9W2K0R6EP,"3 Hours Rally, No First Timer @ Rekket Space Bsd",https://ayo.co.id/main-bareng/129k-3-hours-rally-no-first-timer-at-rekket-space-bsd,"üåûüéæ Thursdays are for rallies, laughs, and good vibes! Forget the midweek slump‚Äîcome hang out with us on court for a fun padel session. Expect plenty of points, cheeky drops, friendly banter, and maybe even a prize if you snag the win. üòâüî• üìç Rekket Space BSD (Court 6) üë• Max 10 players üïí Thursday, 9 Oct | 13:00 ‚Äì 16:00 Format: Mexicano (21 pts/match) Level: All levels (but no first-timersüå±) What‚Äôs included: ‚úÖ Court & balls provided ‚úÖ Drinks + light snacks ü•§ ‚úÖ Free souvenir ü™≠ ‚úÖ Small prize for the winner üéÅ üí∏ Rp129K / player üèß Transfer to Seabank a/n Nadha Glenys 901490418450 How to join: 1Ô∏è‚É£ Request to join on Reclub 2Ô∏è‚É£ Once waitlisted, transfer payment 3Ô∏è‚É£ Send proof to group/admin 4Ô∏è‚É£ Spot confirmed‚Äîtime to rally! üöÄ ‚ö†Ô∏è Non-refundable, but you can find a sub if you can‚Äôt make it. See you Thursday for rallies, snacks, and Rebel energy on court! üôåüî• IG: @RallyRebels.Padel",2025-10-09T13:00:00+07:00,2025-10-09T16:00:00+07:00,Court 6 ¬∑ Rekket Space Padel Bsd,"Jalan Buaran Viktor, Bsd, Tangerang Selatan. Sebelah Spbu Pertamina Dan Kfc",Rally Rebels,false,129000,IDR,https://storage.googleapis.com/data.ayo.co.id/photos/77445/SEO%20HDI%202/30.%20Bagaimana%20Ciri-Ciri%20Padel%20Court%20yang%20Baik%20dan%20Berkualitas.jpg
M3T5Z8F1QA,Brunch With Vp,https://ayo.co.id/main-bareng/brunch-with-vp,Main Bareng Kamis 9 Oktober 2025 Jam 13.00 dan 14.00 1C2H (Prime Court) Inc Photographer 110k/org BY CUST VAPEPANTRYü§ç,2025-10-09T13:00:00+07:00,2025-10-09T15:00:00+07:00,Prime Blue Court ¬∑ Padel,"Jln. Soekarno-hatta No.168, Rt.004/rw.010, Labuh Baru Timur, Kec.payung Sekaki, Kota Pekanbaru, Riau 28292",Vp Padel Pku,false,110000,IDR,https://storage.googleapis.com/data.ayo.co.id/photos/77445/SEO%20HDI%202/30.%20Bagaimana%20Ciri-Ciri%20Padel%20Court%20yang%20Baik%20dan%20Berkualitas.jpg
S9H7N2Y0WL,RCE Indoor Tennis @ ATW,https://www.meetup.com/jakarta-sports-and-entertainment-group/events/311238385/?eventOrigin=group_events_list,"Want to unwind after work with some fun? How about hitting the tennis courts at Anol Tennis Warehouse with people who are at your level (Intermediate)? It‚Äôs a weekly event, and we‚Äôre always welcoming new members, so you can get a great workout and make some new friends all at once. Looking forward to seeing you there soon! Fee is 198,000 Rp per person.",2025-10-16T20:45:00+07:00,2025-10-16T22:45:00+07:00,Taman Impian Jaya Ancol,"Taman Impian Jaya Ancol, Jakarta",Entario Susanto,false,198000,IDR,https://secure.meetupstatic.com/photos/event/6/c/3/d/highres_528807709.jpeg?w=640
W2Q7B8X1DR,Main Santai Bareng Liga Santai,https://ayo.co.id/main-bareng/main-santai-bareng-liga-santai-22,"TERBUKA UNTUK UMUM..!!! FUN GAME MINI SOCCER LIGA SANTAI üìÖ Kamis, 9 Oktober 2025 ‚è∞ 20.00-22.00 WIB (Datang 19.45) ü•Ö SABNANI MINISOCCER üíµ Keeper 35k üíµ Player Transfer 60k (Max H-1) üí∞ Player Cash 65k Include: üü® Wasit pro üì∏ FG ü•õ Free air mineral ‚öΩ Bola üéΩ Rompi üèÜ Piala inventaris Note : - Harap tepat waktu ‚è± - Sudah ada list di luar aplikasi AYO Konfirmasi list dan pendaftaran: 0856 9179 1974 (om sidik) IG: @ligasantai.id",2025-10-09T20:00:00+07:00,2025-10-09T22:00:00+07:00,Lapangan Utama ¬∑ Sabnani Football Kota Tangerang Selatan,Jl. Rawa Kutuk Kampung Dongkal Rt 003/005 Kelurahan :pondok Jagung Timur Kecamatan :serpong Utara Kota : Tangerang Selatan -15326 Indonesia,Liga Santai,false,60000,IDR,https://cdn.rri.co.id/berita/Purwokerto/o/1724229043991-A24P0825/gxl4424bu8jw00y.jpeg
K8R5A7V0MJ,Internal Fun Game Minisoccer,https://ayo.co.id/main-bareng/internal-fun-game-minisoccer-10,INCLUDE - Minum - Jersey Inventaris - FG & Video - P3K - Sarung tangan GK HTM - 80K (Player) - 35K (GK) Tlfn / WA Admin 0814-0186-2447 INSTAGRAM (IG) Master.soccer_MS,2025-10-08T20:00:00+07:00,2025-10-08T22:00:00+07:00,"Lapangan Internasional, Br9 Cobra Minisoccer","Jl. Nn No.12, Rt.2/rw.3, Pakulonan, Kec. Serpong Utara, Kota Tangerang Selatan, Banten 15325, Pd. Jagung, Kec. Serpong Utara, Kota Tangerang Selatan, Banten 15326, Indonesia",Master Soccer,false,80000,IDR,https://asset.ayo.co.id/image/venue/172681452391310.image_cropper_62478FE7-2691-40C6-90D2-92D9CDF115E8-24431-00000BAEB306B587_large.jpg
E1F9T6P3LC,Mabar: Falcon Weekdays Fun Mini Soccer,https://ayo.co.id/main-bareng/mabar-falcon-fun-weekdays-mini-soccer,"Malam seru bareng komunitas, main bola sambil jaga stamina dan silaturahmi! Kali ini, kita bakal main dalam format 3 tim: Merah, Hitam, dan Putih. (8 v 8) Setiap tim akan bermain 8 kali, dengan durasi 10 menit per match. Total ada 12 match yang dimainkan secara bergiliran ‚Äî main banyak, tetap fair dan fun! HTM: Player 100k | GK 35k (Sudah termasuk lapangan, wasit, rompi, FIFA Official match ball, dan dokumentasi keren!) Di grup WhatsApp Falcon FC udah ada yang isi di list nih! Yuk yang tertarik ikut, langsung gas lewat aplikasi Ayo atau join WA buat nambahin kekurangan pemain Terbuka untuk semua level kemampuan. Main bola nggak harus pro , yang penting enjoy dan sportif! Grup Whatsapp https://chat.whatsapp.com/LLjtyDWO7d53TpAU0D7OMb",2025-10-08T20:00:00+07:00,2025-10-08T22:00:00+07:00,Hugo Mini Soccer Kota Jakarta Utara,"Jl. Taman Pluit Kencana Selatan No.52, Pluit, Kecamatan Penjaringan, Jkt Utara, Daerah Khusus Ibukota Jakarta 14450, Indonesia",Falcon FC,false,100000,IDR,https://asset.ayo.co.id/image/venue/172681452391310.image_cropper_62478FE7-2691-40C6-90D2-92D9CDF115E8-24431-00000BAEB306B587_large.jpg
Z0N3Y4H2WK,Mabar Fun Minsoc Sekawan Fc,https://ayo.co.id/main-bareng/mabar-fun-minsoc-sekawan-fc-11,YUK GABUNG DI INTERNAL GAME FUN MINI SOCCER SEKAWAN FC #10 INCLUDE: JERSEY INVENTARIS FOTOGRAFER AIR MINERAL BUAH PISANG WASIT TUNGGAL 1 TIM 7 PEMAIN (1 KIPER 6 PEMAIN) 1 TIM MAIN 4 KALI INFO JOIN = DM IG @SEKAWAN.FOOTBALL,2025-10-09T20:00:00+07:00,2025-10-09T22:00:00+07:00,Goedang Soccer Arena ¬∑ Goedang Soccer Kota Jakarta Timur ,"Jl Komp Ddn No.68a Kalimalang, Pondok Kelapa (samping Smk Paramitha 1)",Sekawan FC,false,80000,IDR,https://asset.ayo.co.id/image/venue/172681452391310.image_cropper_62478FE7-2691-40C6-90D2-92D9CDF115E8-24431-00000BAEB306B587_large.jpg
Y5M9L8G7QS,Mini Soccer Community Fun Game 7v7,https://ayo.co.id/main-bareng/mini-soccer-community-fun-game-7v7-90,"Fun games by Mini Soccer Community. Main senang-senang bisa dapat teman baru, pengalaman baru, dan suasana baru

Wajib konfirmasi di WhatsApp jika sudah mendaftar via Ayo. Hanya pemain yang sudah melakukan pembayaran yg masuk ke dalam list

No. WA Admin : 081311412710

HTM : Pemain 120k, Kiper 60k
Include : Fotografer, videografer full match & highlight, wasit, air mineral, medical kit, rompi inventaris",2025-10-10T20:00:00+07:00,2025-10-10T22:00:00+07:00,"T-arena, T Arena Mini Soccer Kota Jakarta Selatan","Jl. Berlian I Blok B No.5, Rt.2/rw.2, Cilandak Bar., Kec. Cilandak, Kota Jakarta Selatan, Daerah Khusus Ibukota Jakarta 12430, Indonesia",Mini Soccer Community - Msc,false,120000,IDR,https://asset.ayo.co.id/image/venue/172681452391310.image_cropper_62478FE7-2691-40C6-90D2-92D9CDF115E8-24431-00000BAEB306B587_large.jpg
G8C2R9D1XV,Mabar Bareng Ig: S7fc_reborn,https://ayo.co.id/main-bareng/mabar-bareng-ig-s7fc-reborn-2,"https://maps.app.goo.gl/QBHBzV91SiGNidAS9?g_st=com.google.maps.preview.copy

INTERNAL GAMES
IG: @s7fc_reborn

üèü Wins Arena Ciracas Lap. A
üóì RABU, 8 OKT 2025
üïí Pkl. 19.30 - 22.00
üíµ GK FREE | PLAYER 85K
üì∏ CALZMOTRET

BCA - 6870783343 an faisal fahmi",2025-10-08T20:00:00+07:00,2025-10-08T22:00:00+07:00,Mini Soccer A ¬∑ Wins Arena ,"Jl. Raya Ciracas No.25, Rt.1/rw.5, Ciracas, Kec. Ciracas, Kota Jakarta Timur, Daerah Khusus Ibukota Jakarta 13740",Soccer7fc,false,90000,IDR,https://asset.ayo.co.id/image/venue/172681452391310.image_cropper_62478FE7-2691-40C6-90D2-92D9CDF115E8-24431-00000BAEB306B587_large.jpg
R6K8P2N1JE,Main Bareng Olympia Fc,https://ayo.co.id/main-bareng/main-bareng-olympia-fc-54,"Syarat & Ketentuan :
- Mudah Bergaul
- Mengutamakan Solidaritas & Sportifitas
- Bertujuan Untuk Berolahraga

Fasilitas :
- Photographer
- Rompi Inventaris
- Air Mineral

Notes :
Lapangan sudah di booking secara manual (bukan melalui AYO)

Untuk Informasi lebih lanjut harap menghubungi kami melalui Instagram @olympiafc_ atau dapat menghubungi ke nomor WhatsApp 087884017221 (Davin)",2025-10-09T20:00:00+07:00,2025-10-09T22:00:00+07:00,Lapangan Utama ¬∑ Kicktopia Mini Soccer,"Jl. Anggris No.168, Curug Sangereng, Kec. Klp. Dua, Kabupaten Tangerang, Banten 15810, Indonesia",Olympia FC,false,70000,IDR,https://asset.ayo.co.id/image/venue/172681452391310.image_cropper_62478FE7-2691-40C6-90D2-92D9CDF115E8-24431-00000BAEB306B587_large.jpg
O5B7M6T4HF,Unity Fc Fun Match,https://ayo.co.id/main-bareng/unity-fc-fun-match-24,"‚öΩ OPEN PLAY MINI SOCCER
Siap seru-seruan bareng di lapangan? Yuk gabung di Open Play Unity FC !

üìå Detail Event:
üë• 4 Tim | 28 Slot Pemain
‚è±Ô∏è 11 Menit per Match
‚öΩÔ∏è 5 Match per Team
üí∏ Rp80.000/Pemain | Rp30.000/Kiper | Rp500.000/Team

Harga sudah termasuk:
ü¶∫ Rompi tim
üíß Air mineral
ü•Ö Bola pertandingan
‚õëÔ∏è P3K

Daftar sekarang dan rasakan serunya pertandingan mini soccer yang kompetitif tapi tetap fun!

üì≤ Info & pendaftaran:
- Join melalui Apps AYO
- WA 089654549934
- Untuk posisi kiper bisa lgsg direct ke WA
- ig @unityteam_fc

disarankan untuk dm terlebih dahulu untuk mengkonfirmasi slot yang tersedia , thank youu üôèüèª",2025-10-10T20:00:00+07:00,2025-10-10T22:00:00+07:00,"Lapangan 1, Grand Central Sport Center Kota Jakarta Utara","Jl. Jemb. 3 Raya No.89, Rt.2/rw.16, Penjaringan, Kecamatan Penjaringan, Jkt Utara, Daerah Khusus Ibukota Jakarta 14440, Indonesia",Unity FC,false,80000,IDR,https://asset.ayo.co.id/image/venue/172681452391310.image_cropper_62478FE7-2691-40C6-90D2-92D9CDF115E8-24431-00000BAEB306B587_large.jpg
I3Z9X5Y0LW,Kebelet Minsoc Dm Sport Ciledug 11 Oktober 2025,https://ayo.co.id/main-bareng/kebelet-minsoc-dm-sport-ciledug-11-oktober-2025,"Halo, Kebeleters! üëã
Siap main bola santai, penuh tawa, dan keringatan bareng? Isi form ini buat konfirmasi kehadiranmu!

sudah ada list di grup WA, wa admin: 083811535656

üìÜ Jadwal Main: Sabtu, 11 Oktober 2025
‚è∞ Waktu: 18.00 ‚Äì 20.00 WIB
üìç Lokasi: DM Sport Ciledug
üëï Kapasitas: 4 TIM (8 vs 8)
üßç‚Äç‚ôÇÔ∏èüßç‚Äç‚ôÄÔ∏è Siapa Saja Bisa Daftar ‚Äì Pemula & Semua Level!

Include:
- Menit Bermain 4 Match ¬±13 Menit
- Photographer
- Vidio Full Match
- Mineral Water dingin & Buah-buahan
- P3K
- Rompi Inventaris
- Sepatu Inventaris (Terbatas)
- Sarung Tangan Kiper Inventaris

HTM: Player: Rp. 105.000, GK: Rp. 60.000

Main. Ketawa. Keringat.
#WeekEndBarengKebeletBola #KebeletBola",2025-10-11T18:00:00+07:00,2025-10-11T20:00:00+07:00,Dm Sport Ciledug Kota Tangerang,"Jl. Raden Fatah No.88b, Rt.003/rw.006, Parung Serab, Kec. Ciledug, Kota Tangerang, Banten 15153, Indonesia",Kebelet Bola Community,false,105000,IDR,https://asset.ayo.co.id/image/venue/172681452391310.image_cropper_62478FE7-2691-40C6-90D2-92D9CDF115E8-24431-00000BAEB306B587_large.jpg